Employee_ID,Department,Gender,Age,Job_Title,Years_At_Company,Education_Level,Performance_Score,Monthly_Salary,Work_Hours_Per_Week,Projects_Handled,Overtime_Hours,Sick_Days,Remote_Work_Frequency,Team_Size,Training_Hours,Promotions,Employee_Satisfaction_Score,Resigned
1,IT,Male,55,Specialist,2,High School,5,6750,33,32,22,2,0,14,66,0,2.63,0
2,Finance,Male,29,Developer,0,High School,5,7500,34,34,13,14,100,12,61,2,1.72,0
3,Finance,Male,55,Specialist,8,High School,3,5850,37,27,6,3,50,10,1,0,3.17,0
4,Customer Support,Female,48,Analyst,7,Bachelor,2,4800,52,10,28,12,100,10,0,1,1.86,0
5,Engineering,Female,36,Analyst,3,Bachelor,2,4800,38,11,29,13,100,15,9,1,1.25,0
6,IT,Male,43,Manager,8,High School,3,7800,46,31,8,0,100,15,95,0,2.77,0
6,IT,Male,43,Manager,8,High School,3,7800,46,31,8,0,100,15,95,0,2.77,0
7,IT,Male,37,Technician,1,Bachelor,5,5250,55,20,29,2,0,16,27,0,4.46,0
8,Engineering,Female,55,Engineer,9,Bachelor,2,7200,42,46,7,8,100,7,64,0,2.09,0
9,Marketing,Female,55,Technician,1,High School,2,4200,51,23,21,14,0,1,0,1,1.44,0
10,Engineering,Female,45,Consultant,7,Bachelor,1,6050,41,33,2,6,75,4,53,2,2.93,0
11,Customer Support,Male,52,Engineer,4,Bachelor,3,7800,38,1,5,0,25,4,90,1,2.34,0
12,Customer Support,Male,27,Technician,9,Bachelor,5,5250,39,13,2,13,25,5,88,0,1.96,0
13,HR,Male,51,Technician,5,Bachelor,4,4900,31,11,16,1,75,7,17,2,2.13,0
14,Engineering,Male,27,Analyst,9,Bachelor,4,5600,33,30,5,13,25,4,26,1,1.46,0
15,Finance,Male,46,Analyst,1,Master,1,4400,33,49,13,1,100,13,37,1,2.22,0
16,Customer Support,Male,26,Developer,1,High School,2,6000,33,41,9,13,50,3,46,1,2.42,0
17,Operations,Male,29,Engineer,4,Bachelor,2,7200,43,26,29,12,0,6,76,2,3.15,0
18,Sales,Other,28,Developer,1,High School,3,6500,47,36,6,12,75,12,54,0,1.19,0
19,Customer Support,Other,56,Developer,8,Bachelor,1,5500,57,9,24,1,75,1,36,0,1.12,0
20,Finance,Male,23,Technician,9,High School,2,4200,52,0,9,1,0,5,66,0,3.91,0
21,Operations,Female,33,Manager,1,Bachelor,1,6600,33,28,13,13,50,15,53,2,3.7,0
22,Sales,Male,59,Manager,7,Master,5,9000,30,22,9,2,25,4,20,0,4.66,0
23,Finance,Male,26,Specialist,8,High School,4,6300,48,40,9,13,0,13,71,2,3.68,0
24,Sales,Male,58,Consultant,6,Master,2,6600,55,2,28,8,25,6,78,2,4.26,0
25,HR,Female,38,Analyst,6,Bachelor,2,4800,50,21,24,11,25,7,49,1,4.43,0
26,Customer Support,Male,38,Specialist,2,Bachelor,5,6750,59,24,0,13,25,3,9,2,2.12,0
27,Finance,Male,45,Engineer,3,Bachelor,2,7200,59,24,23,6,0,7,26,1,3.16,0
28,Legal,Male,43,Manager,9,Master,3,7800,44,42,3,10,75,4,45,2,1.35,1
29,Engineering,Male,53,Specialist,2,Bachelor,2,5400,31,34,14,6,50,6,42,1,4.52,0
30,Finance,Male,52,Analyst,1,High School,3,5200,45,25,29,9,25,2,37,2,4.95,0
31,Customer Support,Male,58,Consultant,6,Bachelor,1,6050,38,15,25,2,50,12,16,2,4.65,0
32,Legal,Female,24,Manager,1,High School,4,8400,39,25,7,7,50,18,22,0,1.95,0
33,Customer Support,Male,29,Analyst,0,High School,2,4800,48,49,16,14,50,17,37,0,4.43,0
34,Sales,Female,25,Engineer,2,PhD,4,8400,44,26,24,8,75,18,37,2,2.1,0
35,Marketing,Male,41,Analyst,5,Master,4,5600,34,13,0,10,75,14,36,1,1.94,0
36,HR,Female,42,Engineer,4,Master,5,9000,31,9,18,11,100,8,21,1,4.21,0
37,Sales,Male,43,Consultant,0,High School,2,6600,53,42,10,2,0,16,18,1,4.97,0
38,Sales,Other,46,Consultant,9,Master,2,6600,31,6,15,7,0,2,48,0,2.47,0
39,IT,Male,48,Specialist,2,Bachelor,1,4950,46,7,1,1,0,11,6,1,2.66,0
40,HR,Female,58,Engineer,1,Bachelor,5,9000,44,2,2,8,100,14,85,1,4.22,0
41,HR,Female,44,Analyst,3,Bachelor,2,4800,59,45,9,13,0,16,28,2,2.9,1
42,Marketing,Male,29,Specialist,2,High School,4,6300,33,10,6,2,25,8,28,2,4.84,0
43,Customer Support,Male,60,Engineer,8,Bachelor,3,7800,46,48,4,6,75,13,21,0,3.59,0
44,Marketing,Female,43,Manager,3,High School,3,7800,43,25,2,3,0,7,85,0,3.32,0
45,Customer Support,Female,46,Developer,3,Master,2,6000,58,7,29,3,25,12,4,1,2.53,0
46,HR,Female,29,Specialist,8,High School,2,5400,31,19,11,6,75,7,90,1,1.59,0
47,HR,Male,32,Technician,3,Bachelor,4,4900,41,19,26,1,75,5,21,2,1.27,0
48,Operations,Male,31,Specialist,0,Bachelor,1,4950,45,31,20,2,75,15,82,2,4.84,0
49,Legal,Male,40,Specialist,8,High School,5,6750,59,49,0,2,100,17,13,1,2.9,0
50,Operations,Other,57,Developer,4,High School,2,6000,53,10,19,13,50,3,15,0,1.47,0
51,Legal,Female,35,Consultant,4,Bachelor,1,6050,55,26,29,4,100,2,28,1,3.02,0
52,HR,Male,40,Developer,7,Bachelor,2,6000,46,9,12,8,25,10,18,1,1.43,0
53,Engineering,Male,28,Consultant,9,Bachelor,3,7150,38,34,4,3,0,5,12,0,2.56,0
54,Engineering,Female,37,Technician,8,High School,2,4200,50,22,0,8,100,1,92,1,1.1,0
55,Operations,Female,34,Technician,9,High School,5,5250,32,26,6,6,25,3,68,1,1.87,1
56,Marketing,Female,34,Developer,2,Bachelor,3,6500,41,18,21,3,75,8,7,0,1.7,0
57,Customer Support,Female,33,Specialist,8,PhD,1,4950,33,46,28,8,75,1,36,2,2.64,1
58,Finance,Male,23,Developer,5,Bachelor,4,7000,32,42,8,12,0,3,27,2,3.97,0
59,IT,Other,52,Technician,0,High School,3,4550,53,7,5,2,25,12,74,2,4.23,1
60,Customer Support,Female,54,Manager,5,Bachelor,1,6600,51,17,19,8,50,5,99,1,3.02,0
61,Operations,Female,34,Consultant,3,Bachelor,2,6600,40,17,14,4,50,6,20,1,2.32,0
62,Engineering,Male,53,Specialist,7,High School,5,6750,43,44,0,13,75,16,75,2,2.15,0
63,Sales,Male,27,Manager,6,Bachelor,3,7800,44,29,12,0,75,18,73,1,2.26,0
64,Finance,Female,58,Manager,6,High School,4,8400,50,10,14,9,25,17,21,0,1.68,1
65,Sales,Female,41,Specialist,5,Bachelor,1,4950,41,37,13,9,75,5,3,0,4.33,0
66,Legal,Male,37,Technician,0,Bachelor,4,4900,54,32,4,3,25,2,12,1,2.13,0
67,Sales,Male,49,Manager,7,Master,2,7200,55,30,19,0,75,19,93,0,4.26,0
68,HR,Male,39,Consultant,0,Bachelor,2,6600,53,10,17,14,50,3,64,2,2.45,0
69,Operations,Female,38,Specialist,8,Bachelor,4,6300,52,6,9,6,0,5,9,0,2.42,0
70,Sales,Male,52,Manager,8,Master,1,6600,32,2,13,11,25,16,8,0,4.45,0
71,IT,Female,42,Developer,1,High School,1,5500,53,20,13,8,100,8,75,1,4.49,0
72,Engineering,Female,42,Analyst,1,Master,4,5600,53,1,16,11,50,11,15,2,3.55,0
73,Sales,Female,33,Developer,1,Bachelor,2,6000,36,42,15,1,0,5,41,0,1.31,0
74,Legal,Female,47,Developer,4,Bachelor,2,6000,37,6,15,1,0,12,8,1,4.98,0
75,HR,Female,33,Consultant,0,High School,2,6600,31,6,24,10,75,10,1,1,1.39,0
76,Engineering,Male,47,Consultant,6,High School,4,7700,55,36,22,3,100,10,84,1,1.75,0
77,Customer Support,Male,31,Technician,7,PhD,3,4550,32,46,19,0,50,19,82,0,3.2,0
78,Sales,Male,28,Developer,3,Master,5,7500,42,28,6,6,25,1,38,1,3.55,0
79,Legal,Male,46,Consultant,8,High School,3,7150,60,36,27,13,25,5,94,2,3.5,1
80,Customer Support,Female,54,Specialist,5,High School,1,4950,31,27,5,6,0,12,53,1,2.09,0
81,Legal,Female,55,Developer,0,Master,3,6500,38,12,25,6,100,13,94,0,3.75,0
82,Customer Support,Female,23,Specialist,7,High School,3,5850,40,19,14,14,100,14,0,0,3.4,1
83,Engineering,Male,46,Analyst,3,Bachelor,2,4800,35,24,10,13,0,4,85,0,1.33,0
84,HR,Female,28,Analyst,8,Master,1,4400,53,38,22,14,100,17,67,2,2.17,0
85,Marketing,Female,46,Specialist,8,Bachelor,2,5400,44,16,13,13,100,11,0,1,4.27,0
86,Legal,Female,59,Engineer,9,Bachelor,4,8400,33,11,7,4,100,5,40,2,2.37,0
87,Marketing,Male,55,Technician,4,PhD,3,4550,59,1,9,1,25,17,59,2,1.77,0
88,Marketing,Male,52,Technician,5,Bachelor,2,4200,33,45,2,4,50,18,12,0,1.11,0
89,Finance,Female,27,Engineer,0,Master,2,7200,31,1,25,5,0,15,22,1,2.08,0
90,Customer Support,Female,39,Manager,6,Bachelor,4,8400,33,11,10,2,100,9,53,0,3.22,0
91,Customer Support,Male,55,Consultant,0,Bachelor,2,6600,44,42,5,6,0,9,26,2,3.23,1
92,Legal,Male,48,Developer,5,Bachelor,1,5500,42,11,26,12,100,15,84,1,3.69,1
93,Finance,Male,50,Manager,0,High School,4,8400,54,9,29,7,25,15,3,2,3.66,0
94,Engineering,Male,52,Specialist,3,High School,4,6300,44,19,10,7,50,1,81,1,4.1,0
95,Operations,Male,52,Developer,9,High School,1,5500,47,4,19,10,0,19,33,0,4.36,0
96,Marketing,Female,30,Manager,5,High School,3,7800,49,24,20,2,50,19,43,2,1.03,1
97,Engineering,Male,58,Specialist,9,PhD,3,5850,45,24,16,12,50,7,0,0,2.34,0
98,Finance,Female,38,Manager,8,High School,3,7800,41,31,12,10,75,9,64,0,4.2,0
99,Sales,Male,24,Developer,4,Bachelor,2,6000,50,33,0,9,0,13,37,1,4.39,0
100,Customer Support,Other,33,Manager,6,Bachelor,3,7800,36,9,10,14,25,13,30,1,3.19,1
101,Finance,Female,45,Engineer,6,High School,4,8400,35,0,18,14,75,17,48,0,3.42,0
102,IT,Female,33,Consultant,4,High School,1,6050,54,31,11,3,0,2,48,1,3.63,1
103,IT,Male,33,Consultant,4,Bachelor,3,7150,49,45,29,2,75,6,57,2,5,1
104,Engineering,Male,58,Consultant,6,Bachelor,4,7700,59,44,18,13,100,12,53,1,2.13,0
105,Customer Support,Female,55,Technician,5,High School,1,3850,58,1,1,0,0,4,29,1,2.3,0
106,Customer Support,Male,46,Manager,2,Bachelor,4,8400,36,1,6,9,50,17,10,0,2.94,0
107,HR,Female,22,Developer,3,Bachelor,4,7000,34,8,17,12,100,16,1,0,2.8,0
108,Operations,Female,37,Engineer,9,Bachelor,4,8400,56,26,7,9,100,15,12,2,4.68,0
109,Sales,Male,56,Consultant,6,Bachelor,1,6050,51,24,2,11,75,3,82,1,2.7,0
110,Sales,Male,36,Consultant,5,High School,5,8250,50,32,28,5,50,9,56,0,1.64,0
111,IT,Male,43,Technician,0,Bachelor,2,4200,48,33,4,7,25,12,75,2,4.8,0
112,Finance,Male,39,Analyst,5,Bachelor,1,4400,31,5,25,12,75,3,34,0,3.51,0
113,Legal,Female,30,Technician,7,Master,4,4900,34,14,12,8,25,2,59,0,4.5,0
114,Customer Support,Male,35,Consultant,0,Bachelor,4,7700,43,14,0,14,75,5,31,2,3.58,0
115,Legal,Female,48,Specialist,1,Bachelor,2,5400,32,24,1,0,25,11,88,1,1.58,0
116,Customer Support,Female,56,Analyst,3,Bachelor,5,6000,43,5,29,8,100,11,96,0,2.47,0
117,Legal,Male,26,Manager,3,High School,5,9000,33,4,15,3,75,17,44,2,3.24,0
118,IT,Male,38,Consultant,8,PhD,4,7700,54,44,17,3,0,1,81,1,4.2,0
119,IT,Female,27,Manager,4,Bachelor,5,9000,49,12,27,10,25,19,4,1,2.87,0
120,Finance,Male,29,Specialist,3,Bachelor,3,5850,47,15,6,1,25,11,65,0,4.37,0
121,Customer Support,Male,26,Specialist,5,Bachelor,1,4950,49,2,12,6,75,6,23,1,4.17,0
122,Legal,Female,25,Technician,4,High School,1,3850,30,42,4,11,75,6,13,1,2.94,1
123,Operations,Female,44,Manager,9,Bachelor,4,8400,53,11,28,5,0,12,60,1,4.47,0
124,Finance,Male,46,Consultant,9,Bachelor,4,7700,35,31,19,7,75,14,19,0,1.14,0
125,IT,Male,28,Engineer,3,High School,3,7800,46,4,12,7,0,1,36,2,1.39,0
126,Marketing,Male,34,Developer,8,High School,1,5500,56,6,3,12,0,6,60,0,4.65,0
127,Engineering,Other,59,Consultant,9,Bachelor,2,6600,50,44,17,0,100,16,35,0,4.4,0
128,Sales,Male,31,Consultant,2,Bachelor,2,6600,59,27,22,6,100,1,44,2,1.74,0
129,Sales,Male,51,Developer,1,High School,5,7500,45,8,7,6,50,12,66,2,1.24,1
130,Sales,Other,29,Engineer,4,Bachelor,1,6600,39,10,25,1,100,1,66,2,1.61,0
131,Engineering,Male,47,Specialist,9,Master,5,6750,34,14,27,6,50,15,97,2,2.84,1
132,HR,Male,32,Technician,0,Bachelor,5,5250,52,14,28,5,25,17,34,0,2.87,0
133,Marketing,Female,55,Manager,3,High School,3,7800,49,9,15,9,75,12,92,0,1.96,0
134,Operations,Female,29,Consultant,5,High School,2,6600,55,41,13,2,25,13,44,1,3.83,0
135,Operations,Male,24,Consultant,2,Bachelor,2,6600,39,24,0,12,25,11,63,0,3.79,0
136,Sales,Male,23,Analyst,2,Bachelor,5,6000,56,28,29,1,0,12,94,0,3.03,0
137,Legal,Female,35,Analyst,7,Bachelor,2,4800,46,21,17,2,25,6,9,1,1.25,0
138,Customer Support,Male,28,Manager,5,Master,5,9000,40,9,12,2,100,17,34,2,4.83,0
139,Finance,Male,38,Technician,5,High School,2,4200,34,24,23,0,100,12,22,0,1.12,0
140,Legal,Female,39,Specialist,1,High School,1,4950,44,4,5,5,50,4,11,0,4.38,0
141,Engineering,Female,23,Analyst,5,Bachelor,2,4800,35,20,11,1,25,13,16,1,3.61,0
142,Customer Support,Male,22,Specialist,3,PhD,3,5850,52,6,8,14,50,6,45,1,4.61,0
143,Legal,Female,60,Specialist,7,Bachelor,2,5400,35,27,19,2,50,15,93,0,2.62,0
144,Customer Support,Female,54,Analyst,7,High School,3,5200,48,49,27,3,75,11,64,2,1.82,0
145,Operations,Female,26,Consultant,1,Bachelor,1,6050,53,18,15,11,50,5,46,0,2.23,0
146,Customer Support,Male,43,Consultant,6,Master,2,6600,41,30,12,4,25,18,80,2,4.36,0
147,Legal,Female,57,Engineer,5,Bachelor,1,6600,39,41,7,13,0,7,1,0,3.3,0
148,Sales,Male,58,Analyst,7,Master,3,5200,56,26,25,6,100,14,34,2,4.55,0
149,IT,Female,31,Technician,7,Master,1,3850,59,3,13,0,50,13,78,2,4.75,0
150,Finance,Female,55,Analyst,3,Bachelor,1,4400,57,17,21,12,100,6,92,0,3,0
151,Operations,Male,59,Consultant,3,Bachelor,4,7700,52,11,15,13,50,12,19,0,4.76,0
152,Sales,Male,25,Manager,1,Bachelor,4,8400,35,10,10,0,50,1,51,1,1.02,0
153,Marketing,Female,54,Technician,9,High School,5,5250,37,49,22,14,100,6,21,2,4.44,0
154,Customer Support,Male,60,Specialist,7,Bachelor,3,5850,49,19,1,7,100,12,15,2,4.88,0
155,Legal,Male,51,Engineer,9,Bachelor,3,7800,53,49,17,1,75,3,30,2,3.78,0
156,Customer Support,Female,35,Specialist,1,Master,1,4950,57,30,24,8,100,13,70,1,1.05,0
157,Legal,Male,46,Manager,4,Bachelor,1,6600,34,5,7,1,25,17,71,0,1.79,0
158,Operations,Female,39,Analyst,9,Bachelor,1,4400,55,45,14,5,50,7,11,2,3.34,0
159,Legal,Female,41,Technician,9,Master,1,3850,31,36,21,12,100,6,98,0,4.04,0
160,Operations,Female,30,Manager,2,Master,4,8400,52,28,17,1,100,12,27,0,4.15,1
161,Engineering,Male,36,Manager,8,Master,1,6600,39,43,27,10,100,3,70,1,2.85,0
162,HR,Male,32,Technician,4,Bachelor,5,5250,56,35,20,10,0,16,41,2,2.04,0
163,Finance,Male,44,Technician,1,Bachelor,5,5250,32,46,15,14,50,19,29,0,1.78,0
164,Legal,Male,37,Analyst,7,High School,1,4400,43,33,2,2,0,4,53,1,1.97,1
165,Engineering,Male,26,Analyst,3,High School,2,4800,54,26,23,0,100,16,43,0,1.82,1
166,Sales,Female,30,Specialist,4,High School,3,5850,50,29,23,9,75,12,47,2,3.49,0
167,Sales,Male,36,Manager,6,High School,4,8400,51,44,1,6,50,12,78,1,1.14,0
168,Legal,Male,31,Analyst,7,Bachelor,5,6000,49,48,25,0,25,19,93,0,1.97,0
169,Legal,Female,39,Specialist,5,High School,4,6300,53,17,23,5,75,14,84,0,4.25,0
170,Legal,Female,34,Technician,4,High School,5,5250,50,22,26,2,25,5,49,2,2.59,0
171,Engineering,Male,23,Manager,1,Bachelor,3,7800,57,49,9,11,50,13,52,2,4.72,0
172,Finance,Male,22,Developer,9,Bachelor,2,6000,52,23,17,3,25,6,50,2,3.63,0
173,Operations,Male,43,Developer,4,PhD,2,6000,39,17,1,8,25,8,63,1,2.24,0
174,Marketing,Female,26,Specialist,4,High School,5,6750,35,30,18,11,0,5,16,0,3.36,0
175,Customer Support,Female,30,Analyst,0,Bachelor,2,4800,56,48,21,1,100,2,42,2,3.85,0
176,Engineering,Female,48,Developer,0,Bachelor,3,6500,57,14,12,12,75,14,16,1,3.59,1
177,HR,Female,54,Consultant,7,Bachelor,3,7150,40,2,7,8,100,18,99,1,3.79,0
178,Customer Support,Male,25,Analyst,7,Bachelor,4,5600,40,42,14,9,100,16,47,0,1.14,0
179,Customer Support,Other,48,Technician,6,Bachelor,2,4200,52,21,8,13,50,19,79,2,1.3,0
180,Legal,Female,53,Manager,8,Master,2,7200,31,36,25,3,0,9,36,2,2.89,0
181,Legal,Male,28,Technician,7,Bachelor,1,3850,36,13,13,5,0,13,67,1,2.39,1
182,Legal,Male,57,Manager,0,Bachelor,2,7200,48,38,9,8,50,17,56,2,4.28,0
183,Sales,Male,48,Technician,6,Bachelor,4,4900,33,26,29,4,75,5,21,1,2.47,0
184,Customer Support,Female,32,Manager,2,Bachelor,5,9000,41,27,17,7,25,12,62,2,1.46,0
185,Finance,Female,33,Technician,9,Bachelor,3,4550,38,30,1,11,75,9,56,2,2.69,0
186,HR,Female,57,Manager,1,Bachelor,4,8400,35,37,7,10,100,5,59,2,4.38,0
187,Legal,Male,38,Engineer,5,Master,4,8400,41,28,22,6,100,8,38,0,3.08,0
188,IT,Female,43,Specialist,2,High School,2,5400,54,14,8,9,25,11,97,2,4.01,0
189,Customer Support,Female,26,Specialist,1,Bachelor,2,5400,33,47,15,5,50,10,11,0,2.8,1
190,Operations,Female,41,Consultant,2,Bachelor,1,6050,39,24,24,6,100,12,4,0,3.85,0
191,HR,Female,37,Analyst,8,Bachelor,4,5600,46,18,0,9,0,10,12,0,2.32,0
192,Engineering,Female,36,Analyst,3,Bachelor,2,4800,39,49,24,14,25,15,64,1,3.84,1
193,Finance,Male,54,Specialist,4,Bachelor,1,4950,59,2,22,3,0,4,99,0,3.94,0
194,IT,Female,45,Analyst,3,Bachelor,2,4800,57,28,26,2,50,15,85,0,1.48,0
195,IT,Female,356,Specialist,7,Master,5,6750,53,19,22,4,0,2,61,0,2.51,1
196,Legal,Female,39,Engineer,1,Master,5,9000,59,16,24,2,50,1,26,1,1.59,1
197,HR,Male,44,Technician,2,High School,1,3850,37,9,8,11,75,5,15,2,1.49,0
198,HR,Female,55,Analyst,3,Bachelor,5,6000,43,14,22,6,75,17,42,2,3.45,0
199,IT,Female,52,Developer,5,Bachelor,1,5500,44,40,28,14,50,12,56,0,3.23,0
200,Operations,Male,27,Consultant,3,Master,1,6050,36,4,26,8,100,9,38,2,3.73,1
201,Finance,Male,45,Analyst,9,Bachelor,5,6000,30,12,14,9,100,8,26,1,2.41,0
202,Operations,Female,54,Specialist,5,Bachelor,3,5850,52,28,21,3,0,16,14,2,3.47,0
203,Engineering,Male,32,Consultant,8,High School,2,6600,47,5,20,10,75,19,87,1,4.06,0
204,Customer Support,Male,52,Analyst,4,Bachelor,2,4800,34,19,18,6,75,14,37,0,2.63,0
205,HR,Female,38,Technician,6,High School,1,3850,32,39,2,2,50,14,40,1,1.25,0
206,Marketing,Male,50,Engineer,1,Bachelor,2,7200,44,10,21,0,0,5,88,2,4.9,1
207,Customer Support,Male,41,Manager,3,Master,4,8400,55,28,1,14,50,5,66,2,1.02,0
208,Sales,Female,40,Developer,7,High School,1,5500,30,20,7,10,0,6,64,1,4.61,1
209,Engineering,Male,43,Developer,8,High School,3,6500,55,49,24,8,50,15,75,2,2.96,0
210,Legal,Male,42,Consultant,9,Bachelor,2,6600,58,39,13,3,0,14,23,0,4.32,0
211,Finance,Female,26,Specialist,3,High School,4,6300,41,47,26,2,50,7,98,0,2.86,1
212,Marketing,Male,36,Manager,4,PhD,2,7200,44,27,9,10,100,13,52,2,2.76,0
213,Operations,Male,28,Developer,1,Bachelor,4,7000,32,16,10,9,75,6,21,0,4.27,0
214,Legal,Female,32,Specialist,4,Master,5,6750,49,5,11,6,75,17,99,1,2.42,0
215,Operations,Female,25,Developer,4,High School,3,6500,34,25,1,5,0,1,69,0,1.75,0
216,Sales,Female,30,Manager,6,Bachelor,3,7800,40,0,22,7,100,16,74,2,4.21,1
217,Operations,Female,42,Engineer,4,Master,2,7200,54,12,17,8,75,7,5,0,4.58,0
218,Legal,Female,22,Analyst,6,High School,4,5600,42,7,11,5,25,2,7,0,4.77,0
219,Engineering,Male,23,Engineer,4,Bachelor,5,9000,55,12,5,11,0,1,95,1,4.14,0
220,Customer Support,Male,52,Engineer,8,Bachelor,4,8400,35,0,27,6,50,7,82,1,4.97,0
221,Operations,Male,25,Consultant,4,High School,2,6600,34,41,7,11,25,12,9,1,3.23,0
222,Customer Support,Male,50,Developer,8,Bachelor,5,7500,32,7,2,9,100,10,14,1,4.74,0
223,Legal,Male,32,Analyst,3,Bachelor,1,4400,45,35,25,12,100,12,52,0,4.98,0
224,Engineering,Female,55,Engineer,2,Bachelor,4,8400,36,22,23,2,50,1,43,1,2.76,0
225,Sales,Female,53,Specialist,3,Master,1,4950,30,21,20,4,75,2,29,1,1.49,0
226,Sales,Female,44,Manager,9,PhD,5,9000,53,0,11,7,25,13,65,2,4.9,0
227,HR,Female,25,Engineer,9,Bachelor,5,9000,45,47,18,7,25,15,69,0,1.66,0
228,Operations,Female,57,Developer,5,Bachelor,2,6000,40,37,8,5,75,12,53,2,2.83,0
229,IT,Male,42,Consultant,3,Bachelor,4,7700,47,29,3,9,75,14,7,2,3.62,0
230,Legal,Female,39,Engineer,2,Bachelor,5,9000,41,8,27,3,75,9,70,2,1.39,0
231,Operations,Male,25,Manager,9,High School,3,7800,58,9,6,9,0,5,56,1,3.1,0
232,Customer Support,Female,27,Analyst,2,High School,3,5200,56,34,28,3,25,2,80,1,2.06,0
233,Sales,Female,32,Technician,9,High School,2,4200,46,28,20,2,75,2,29,1,1.45,0
234,Finance,Female,57,Analyst,2,Master,4,5600,58,38,10,6,25,14,58,0,4.13,0
235,Marketing,Male,32,Analyst,8,Master,4,5600,36,12,9,11,75,12,91,2,2.65,0
236,HR,Female,39,Technician,1,Master,5,5250,57,3,28,5,0,17,29,2,4.33,0
237,Marketing,Other,44,Technician,7,Bachelor,1,3850,53,30,3,11,25,15,33,2,3.51,0
238,Sales,Male,28,Engineer,2,High School,4,8400,38,9,23,7,75,12,37,0,1.96,0
239,Operations,Female,42,Consultant,8,High School,4,7700,53,17,18,1,50,16,55,1,4.65,0
240,Finance,Female,27,Manager,1,High School,4,8400,56,27,19,4,75,8,90,2,1.53,0
241,HR,Male,60,Developer,1,High School,3,6500,54,12,9,11,0,11,32,0,2.18,1
242,Engineering,Male,42,Manager,1,Master,1,6600,41,10,24,4,50,2,8,2,4.72,0
243,Finance,Male,33,Developer,6,High School,2,6000,39,38,28,9,25,1,33,2,3.42,0
244,IT,Female,47,Analyst,2,Bachelor,2,4800,38,44,4,3,50,11,31,2,1.04,0
245,HR,Female,45,Manager,4,Bachelor,5,9000,48,9,7,1,100,3,65,1,4.79,0
246,IT,Female,32,Specialist,2,Bachelor,4,6300,55,46,26,11,0,9,87,2,4.82,0
247,Marketing,Female,24,Technician,7,Bachelor,4,4900,30,33,20,3,25,15,18,0,1.46,0
248,HR,Female,43,Analyst,3,Bachelor,2,4800,57,36,5,4,100,19,37,1,4.81,0
249,Legal,Male,32,Consultant,2,High School,3,7150,35,43,15,10,25,5,75,0,1.49,0
250,Customer Support,Male,35,Technician,1,High School,3,4550,51,28,4,9,50,3,84,1,2.03,0
251,Engineering,Male,56,Technician,9,Bachelor,2,4200,38,27,14,6,100,6,20,2,2.7,0
252,IT,Male,35,Consultant,6,Bachelor,1,6050,59,44,23,4,0,17,25,0,3.76,0
253,Operations,Male,34,Specialist,3,Bachelor,3,5850,50,13,27,10,0,9,57,2,4.87,0
254,Legal,Female,30,Consultant,9,Master,4,7700,43,31,26,13,50,3,37,1,3.4,0
255,Marketing,Other,46,Developer,6,High School,1,5500,47,12,24,9,25,17,3,1,1.05,0
256,Operations,Male,34,Consultant,9,High School,4,7700,52,13,8,9,100,13,81,2,3.17,0
257,Engineering,Female,45,Specialist,5,Bachelor,2,5400,31,19,16,12,25,8,12,2,1.61,0
258,HR,Female,31,Specialist,5,Bachelor,3,5850,59,19,22,6,75,3,78,0,3.3,0
259,Sales,Male,26,Technician,8,Bachelor,5,5250,46,39,25,2,100,16,57,1,3.98,0
260,Marketing,Male,40,Manager,4,High School,2,7200,60,25,6,13,75,11,94,1,4.41,0
261,Marketing,Male,46,Developer,6,Master,2,6000,60,3,8,13,0,17,93,2,4.27,0
262,Operations,Female,32,Technician,4,Bachelor,1,3850,40,25,10,10,50,16,89,1,1.43,0
263,HR,Female,26,Developer,6,Master,2,6000,59,39,7,1,0,10,9,0,4.97,0
264,IT,Male,52,Manager,4,Master,4,8400,39,30,29,7,0,17,18,1,2.68,0
265,Marketing,Other,26,Engineer,3,PhD,4,8400,35,46,2,11,100,3,81,0,3.98,0
266,IT,Female,34,Technician,6,PhD,5,5250,40,24,17,6,0,5,4,0,4.18,0
267,Finance,Male,31,Developer,8,Bachelor,1,5500,38,29,24,10,25,15,76,0,3.39,0
268,IT,Female,54,Manager,7,Bachelor,2,7200,59,6,11,1,100,17,32,2,4.08,0
269,Operations,Male,39,Technician,0,High School,2,4200,50,23,29,9,75,9,69,2,4.5,1
270,IT,Female,52,Manager,7,Bachelor,3,7800,39,4,20,2,0,9,57,0,1.54,0
271,Sales,Male,39,Specialist,3,Bachelor,3,5850,39,40,22,6,0,8,19,0,1.52,0
272,Operations,Male,31,Consultant,8,Master,1,6050,57,25,19,5,0,14,25,0,3.33,0
273,Marketing,Female,44,Manager,9,Bachelor,5,9000,35,18,28,3,75,8,5,2,2.63,0
274,Operations,Other,25,Engineer,8,Bachelor,1,6600,58,30,23,10,50,1,33,1,4.21,0
275,IT,Male,26,Technician,1,Bachelor,4,4900,33,21,8,7,75,8,12,0,2.64,0
276,Marketing,Male,56,Consultant,1,Bachelor,4,7700,59,19,25,5,25,14,53,2,4.9,0
277,Engineering,Male,27,Engineer,1,PhD,4,8400,42,2,15,2,100,8,74,2,1.53,0
278,Legal,Female,59,Consultant,4,Bachelor,3,7150,55,19,20,11,50,15,66,0,1.84,0
279,Operations,Male,34,Developer,5,Bachelor,3,6500,44,0,19,0,25,7,48,1,1.9,0
280,Customer Support,Male,54,Consultant,8,Bachelor,2,6600,56,6,13,7,75,1,49,2,3.92,0
281,Sales,Female,57,Analyst,5,Bachelor,1,4400,51,15,15,13,25,19,36,0,2.5,0
282,Engineering,Female,43,Consultant,9,Bachelor,5,8250,33,20,5,2,75,14,42,0,3.06,1
283,Customer Support,Male,36,Engineer,1,Bachelor,3,7800,55,10,23,0,100,7,45,2,4.79,0
284,IT,Female,41,Technician,6,High School,4,4900,53,45,24,1,50,19,75,2,3.91,0
285,Marketing,Female,38,Manager,3,High School,3,7800,40,49,29,2,25,14,66,2,4.85,0
286,HR,Female,40,Manager,0,Bachelor,1,6600,59,24,1,14,50,8,2,1,1.65,1
287,HR,Female,22,Consultant,1,High School,4,7700,58,19,25,9,100,15,58,2,3.36,0
288,Finance,Male,34,Analyst,9,Bachelor,5,6000,50,37,21,6,0,14,66,0,4.91,0
289,Operations,Female,58,Manager,8,Master,5,9000,32,30,27,8,25,5,94,2,1.96,0
290,Legal,Male,42,Analyst,4,High School,4,5600,43,24,23,7,0,1,5,0,2.29,1
291,Engineering,Male,40,Consultant,8,High School,4,7700,51,44,23,5,25,19,88,2,3.49,0
292,Sales,Male,56,Analyst,3,Bachelor,3,5200,31,25,29,1,100,3,46,1,2.26,0
293,Sales,Male,51,Developer,6,High School,3,6500,47,39,27,12,0,3,33,0,4.16,0
294,Operations,Female,22,Consultant,8,PhD,4,7700,55,14,9,3,25,2,2,2,2.74,0
295,Sales,Male,48,Specialist,3,Bachelor,4,6300,36,0,25,1,50,19,39,0,1.39,0
296,HR,Female,40,Consultant,2,High School,3,7150,56,10,29,13,50,15,21,2,3.99,0
297,Operations,Female,36,Consultant,4,Master,4,7700,34,39,8,4,0,11,35,1,3.34,1
298,Customer Support,Female,30,Analyst,1,PhD,1,4400,34,36,1,0,75,9,76,0,4.39,0
299,Engineering,Other,22,Engineer,7,Bachelor,2,7200,51,40,6,14,50,16,92,1,5,0
300,Finance,Female,53,Technician,1,Bachelor,2,4200,45,6,23,12,100,9,23,1,2.5,0
301,Marketing,Male,34,Developer,2,Master,2,6000,33,49,7,11,25,6,68,0,4.69,0
302,Customer Support,Female,23,Developer,6,Master,5,7500,55,36,17,9,75,10,62,1,3.37,0
303,Sales,Female,57,Analyst,5,Bachelor,5,6000,57,40,17,12,100,13,19,2,2.01,0
304,Operations,Male,24,Consultant,8,Master,1,6050,51,43,5,11,25,18,94,0,1.21,0
305,Engineering,Male,46,Analyst,3,Bachelor,1,4400,31,0,5,1,100,7,20,1,4.98,0
306,Legal,Female,51,Developer,4,Bachelor,5,7500,51,11,21,14,50,7,77,1,3.65,0
307,Engineering,Female,46,Technician,7,Bachelor,1,3850,40,23,17,14,25,18,26,1,2.97,1
308,Sales,Female,58,Analyst,2,Master,1,4400,35,29,28,13,25,2,30,0,3.65,0
309,Marketing,Female,24,Manager,8,Bachelor,2,7200,45,35,4,1,0,19,53,0,1.11,0
310,Marketing,Female,35,Consultant,5,Bachelor,2,6600,55,19,1,9,100,14,76,2,2.32,0
311,Finance,Female,46,Developer,1,Master,3,6500,49,15,5,9,100,16,84,2,3.45,0
312,Customer Support,Male,34,Engineer,3,High School,3,7800,54,26,29,9,100,6,57,0,2.21,0
313,Customer Support,Male,47,Consultant,5,Master,1,6050,35,0,26,12,50,9,90,0,4.23,0
314,Engineering,Male,54,Analyst,0,High School,4,5600,41,11,1,0,25,1,84,0,1.18,1
315,Sales,Female,43,Manager,3,High School,2,7200,51,5,25,2,0,2,57,2,1.42,1
316,Sales,Male,42,Analyst,0,High School,4,5600,50,9,14,1,0,15,71,2,1.22,0
317,Operations,Male,23,Consultant,5,Master,2,6600,44,29,6,12,100,5,28,2,2.09,0
318,Finance,Female,27,Engineer,8,Bachelor,1,6600,60,36,13,9,75,19,66,0,2.49,0
319,Sales,Female,22,Engineer,8,High School,3,7800,36,20,1,9,50,16,52,1,3.48,0
320,Sales,Female,45,Engineer,7,Bachelor,3,7800,60,13,4,6,100,19,34,1,4.7,0
321,Finance,Female,36,Specialist,3,High School,1,4950,34,5,26,2,100,16,41,1,3.53,0
322,Engineering,Female,23,Consultant,8,Master,1,6050,41,7,0,12,75,18,37,1,4.67,0
323,IT,Male,26,Manager,3,High School,5,9000,36,30,9,10,0,7,3,1,1.62,0
324,Marketing,Female,34,Consultant,6,High School,1,6050,52,6,21,14,75,18,58,2,1.59,0
325,Finance,Male,24,Analyst,6,High School,4,5600,39,15,15,10,75,16,87,1,2.74,0
326,HR,Male,57,Developer,0,Bachelor,4,7000,30,24,9,9,100,5,74,2,3.21,0
327,Finance,Female,46,Consultant,8,Bachelor,4,7700,57,21,11,8,25,18,65,2,3.89,0
328,Finance,Female,22,Developer,4,High School,5,7500,52,8,19,2,25,7,42,0,4.75,0
329,Legal,Other,53,Consultant,6,Bachelor,2,6600,59,15,21,10,100,5,42,1,1.93,0
330,Operations,Female,27,Specialist,1,High School,4,6300,38,21,4,9,25,11,26,2,3.45,0
331,Marketing,Other,34,Consultant,8,Bachelor,5,8250,58,25,11,7,25,12,4,0,3.33,0
332,HR,Female,50,Technician,5,High School,4,4900,39,46,0,7,75,6,3,1,4.09,0
333,Operations,Female,31,Engineer,2,High School,4,8400,34,46,1,9,100,11,68,1,3.28,0
334,Operations,Male,38,Technician,8,PhD,2,4200,51,9,28,1,0,15,45,2,1.74,0
335,Finance,Female,33,Consultant,1,High School,5,8250,51,2,4,1,75,15,86,1,2.71,0
336,IT,Female,28,Consultant,2,Master,2,6600,50,26,6,8,75,12,83,2,2.63,0
337,Customer Support,Male,35,Engineer,7,High School,1,6600,48,4,0,3,100,16,26,1,4.64,0
338,Operations,Female,55,Developer,7,Master,1,5500,53,7,26,7,50,19,51,1,1.94,0
339,Finance,Male,60,Specialist,0,Bachelor,3,5850,38,47,9,14,25,3,67,0,1.85,1
340,Legal,Female,45,Specialist,7,Bachelor,4,6300,45,26,14,3,100,3,22,0,1.35,0
341,Marketing,Male,43,Engineer,1,Master,1,6600,36,31,3,1,75,8,59,0,3.48,0
342,Finance,Male,31,Manager,0,High School,2,7200,55,17,1,7,100,6,20,0,4.73,0
343,Finance,Female,29,Manager,3,Master,5,9000,50,39,11,1,25,16,6,1,3.11,0
344,Customer Support,Female,27,Analyst,3,Bachelor,3,5200,52,20,1,6,0,17,86,0,3.92,0
345,Operations,Female,56,Developer,1,Bachelor,4,7000,36,15,16,13,25,19,36,0,2.15,1
346,Operations,Female,58,Analyst,6,Bachelor,3,5200,46,15,19,10,75,1,73,0,2.72,0
347,HR,Female,54,Analyst,5,Bachelor,3,5200,50,15,9,3,100,4,97,2,3.72,0
348,HR,Male,48,Consultant,3,Master,3,7150,39,7,28,0,75,2,57,0,1.14,0
349,Sales,Male,31,Technician,7,Bachelor,4,4900,56,19,15,0,0,15,81,1,2.53,0
350,Engineering,Female,43,Manager,4,Bachelor,2,7200,59,41,17,13,75,3,9,0,2.02,0
351,IT,Female,26,Developer,3,Bachelor,4,7000,55,44,23,3,50,6,89,2,3.08,0
352,HR,Male,43,Engineer,5,Bachelor,1,6600,54,10,27,4,75,5,32,0,4.88,0
353,Legal,Female,25,Specialist,2,Bachelor,3,5850,34,3,18,5,0,4,68,2,4.37,0
354,Legal,Female,44,Analyst,1,Bachelor,2,4800,55,15,18,13,0,13,41,1,3.33,0
355,Customer Support,Male,46,Technician,4,Bachelor,5,5250,50,18,15,9,0,5,11,1,4.78,0
356,HR,Female,27,Developer,4,High School,1,5500,54,10,14,0,0,8,94,2,2.31,0
357,Operations,Female,53,Specialist,2,High School,4,6300,34,6,23,6,100,8,63,2,2.89,1
358,Sales,Female,32,Technician,2,Bachelor,5,5250,43,28,10,11,100,3,90,0,3.62,0
359,Operations,Male,36,Technician,5,High School,3,4550,44,39,24,12,100,15,35,1,4.75,0
360,Finance,Male,52,Consultant,1,High School,2,6600,38,12,7,13,50,15,10,2,3.55,0
361,HR,Male,50,Engineer,1,High School,2,7200,54,42,26,12,25,6,42,1,3.92,0
362,Sales,Female,38,Specialist,8,High School,4,6300,40,21,25,10,50,16,91,1,1.07,0
363,IT,Female,30,Specialist,2,Master,5,6750,45,6,13,0,75,12,92,2,1.82,0
364,Customer Support,Female,37,Engineer,0,High School,5,9000,47,2,8,8,25,9,37,1,2.64,1
365,Legal,Male,40,Technician,2,High School,3,4550,32,3,24,2,75,7,98,1,3.42,1
366,Marketing,Male,45,Manager,3,Bachelor,3,7800,48,39,18,9,0,18,0,2,3.26,0
367,Marketing,Female,42,Technician,5,Bachelor,1,3850,42,10,23,5,25,4,28,2,1.03,0
368,Marketing,Male,39,Manager,6,Master,4,8400,43,17,8,11,100,1,74,0,3.68,0
369,Legal,Female,28,Engineer,8,Master,3,7800,58,11,15,6,100,7,54,0,4.31,0
370,HR,Other,30,Manager,9,Master,4,8400,44,21,10,12,50,8,88,2,3.17,1
371,Engineering,Male,32,Consultant,6,Bachelor,3,7150,34,14,2,2,0,9,80,0,2.96,0
372,Customer Support,Male,50,Specialist,6,Bachelor,5,6750,47,49,12,1,0,3,27,1,2.69,0
373,Customer Support,Female,27,Specialist,7,PhD,1,4950,57,19,3,7,25,3,0,0,4.99,0
374,IT,Female,32,Manager,0,Bachelor,3,7800,49,17,25,13,100,16,7,1,1.29,1
375,Operations,Female,37,Manager,9,High School,4,8400,43,18,16,10,50,5,11,0,2.38,0
376,HR,Female,43,Analyst,8,Bachelor,1,4400,55,9,16,13,75,18,80,0,1.08,0
377,Finance,Male,28,Manager,2,High School,2,7200,35,12,1,14,75,13,7,2,3.76,0
378,Engineering,Female,33,Developer,9,Bachelor,4,7000,57,49,28,2,75,14,29,0,3.35,1
379,Sales,Female,53,Engineer,5,High School,1,6600,33,25,14,13,0,4,40,0,4.22,0
380,Customer Support,Female,44,Specialist,5,Bachelor,1,4950,41,14,10,5,75,9,87,2,2.49,0
381,Operations,Female,26,Technician,9,High School,3,4550,33,40,25,1,0,14,43,2,3.79,0
382,Customer Support,Male,42,Specialist,7,Master,1,4950,43,23,23,13,0,11,32,2,3.49,0
383,Marketing,Male,36,Specialist,3,Master,3,5850,55,12,12,3,25,3,58,1,4.11,0
384,Engineering,Female,34,Developer,2,High School,3,6500,33,8,20,10,100,8,88,1,3.15,0
385,Sales,Female,52,Manager,4,High School,3,7800,39,28,17,14,50,19,61,1,2.42,0
386,Operations,Male,31,Manager,5,High School,3,7800,42,11,23,4,25,11,31,1,4.62,0
387,Sales,Male,26,Manager,8,High School,5,9000,32,37,11,14,50,9,64,1,2.21,0
388,Operations,Female,43,Manager,0,PhD,2,7200,53,3,7,5,75,17,25,2,1.17,0
389,Finance,Female,60,Technician,4,High School,4,4900,50,6,10,7,75,2,95,1,4.48,1
390,IT,Female,23,Developer,8,High School,2,6000,44,36,14,9,50,7,89,2,2.82,0
391,Engineering,Male,33,Manager,8,Bachelor,3,7800,32,11,20,4,50,12,76,2,3.72,0
392,Finance,Male,25,Manager,3,High School,3,7800,43,33,11,3,25,2,85,0,1.65,0
393,Finance,Male,35,Technician,7,Bachelor,3,4550,58,11,10,3,25,13,67,2,4.01,0
394,Marketing,Female,31,Engineer,9,Master,4,8400,54,8,23,4,75,9,25,2,4.68,0
395,IT,Female,34,Engineer,4,Bachelor,4,8400,35,2,5,0,0,17,19,2,3.15,1
396,Customer Support,Female,39,Developer,9,High School,1,5500,58,4,20,11,25,3,97,1,2.44,0
397,Finance,Male,35,Developer,3,High School,4,7000,40,33,25,12,0,9,96,1,2,0
398,Legal,Male,41,Technician,6,Bachelor,4,4900,59,8,27,7,25,6,29,0,3.13,0
399,Finance,Male,25,Technician,7,High School,1,3850,52,41,3,2,25,16,12,2,1.53,0
400,HR,Other,31,Technician,0,Bachelor,2,4200,48,27,6,3,50,17,7,2,4.51,1
401,Marketing,Female,54,Specialist,2,Bachelor,3,5850,42,5,21,12,100,13,74,0,4.81,0
402,Finance,Female,58,Engineer,5,High School,2,7200,43,23,7,8,25,9,70,2,4.47,0
403,HR,Male,39,Consultant,2,High School,4,7700,56,34,9,7,100,4,60,0,1.17,0
404,IT,Male,25,Specialist,4,Bachelor,3,5850,45,1,1,3,25,18,40,1,1.56,0
405,Customer Support,Female,27,Consultant,6,High School,5,8250,44,2,7,1,25,2,66,1,4.95,0
406,Sales,Male,41,Engineer,5,Bachelor,3,7800,42,2,17,14,0,11,73,0,1.81,1
407,HR,Male,40,Analyst,2,PhD,2,4800,42,30,10,5,50,16,24,2,3.01,0
408,IT,Male,30,Developer,9,High School,3,6500,41,22,1,2,0,16,41,1,2.31,0
409,IT,Male,52,Analyst,4,Bachelor,2,4800,55,47,28,12,25,15,51,1,4.39,0
410,Engineering,Female,38,Specialist,0,PhD,2,5400,52,15,29,6,50,14,13,0,3.55,1
411,Engineering,Male,50,Engineer,3,Bachelor,5,9000,44,16,19,6,0,6,88,2,2.34,0
412,Marketing,Male,29,Technician,8,Bachelor,5,5250,59,29,16,8,75,5,18,1,3.98,0
413,Customer Support,Male,22,Developer,7,Bachelor,1,5500,54,12,29,2,50,3,55,0,1.05,0
414,Engineering,Male,29,Analyst,6,High School,4,5600,41,5,23,2,25,5,47,2,4.79,0
415,Customer Support,Other,33,Technician,2,Bachelor,5,5250,44,36,19,10,0,1,97,2,2.04,0
416,IT,Female,30,Developer,3,High School,2,6000,34,14,16,11,25,4,9,1,4.93,0
417,Operations,Male,42,Manager,3,Bachelor,2,7200,54,13,24,2,75,4,93,0,1.77,0
418,IT,Male,42,Specialist,6,PhD,3,5850,32,7,24,8,50,8,94,2,1.89,0
419,Customer Support,Female,42,Engineer,8,Master,5,9000,56,13,10,7,100,19,86,2,1.72,0
420,Marketing,Male,38,Engineer,1,High School,4,8400,33,45,25,7,50,8,58,0,2.04,1
421,Legal,Female,37,Technician,4,PhD,5,5250,57,1,13,13,25,13,63,0,4.07,0
422,Marketing,Male,52,Technician,6,Master,3,4550,55,26,16,3,0,6,43,1,4.59,0
423,Marketing,Male,51,Engineer,6,Master,1,6600,30,25,5,14,75,15,2,0,4.16,0
424,Finance,Female,31,Manager,7,Master,4,8400,37,49,8,14,25,11,62,0,3.74,0
425,IT,Female,30,Developer,5,PhD,2,6000,37,0,23,7,75,15,48,0,1.62,0
426,Sales,Female,45,Engineer,1,Bachelor,2,7200,40,38,10,8,50,13,28,2,1.95,0
427,Finance,Female,22,Developer,2,Bachelor,5,7500,49,46,21,4,100,15,41,0,3.48,0
428,Customer Support,Female,48,Engineer,7,Bachelor,4,8400,41,12,6,2,50,8,19,1,3.85,0
429,HR,Male,25,Engineer,4,High School,2,7200,60,30,23,13,50,4,12,1,2,0
430,IT,Male,50,Manager,0,Bachelor,2,7200,31,23,27,9,25,18,4,2,2.94,0
431,Engineering,Female,57,Developer,2,Bachelor,2,6000,58,9,26,6,0,16,57,1,3.86,0
432,Engineering,Female,23,Developer,3,High School,4,7000,36,22,24,9,50,6,27,0,2.38,0
433,Customer Support,Female,40,Consultant,0,High School,1,6050,51,32,9,10,25,6,45,0,3.04,0
434,Marketing,Female,50,Technician,8,High School,4,4900,59,26,5,1,75,18,5,0,1.57,0
435,Operations,Male,45,Specialist,5,Master,3,5850,54,35,2,5,75,17,75,2,4.35,0
436,Sales,Male,45,Manager,5,Bachelor,4,8400,46,10,2,7,50,3,85,0,1.18,1
437,Legal,Male,51,Consultant,1,High School,3,7150,36,36,2,0,0,19,5,2,1.9,0
438,Operations,Female,23,Manager,2,High School,5,9000,45,2,3,13,25,19,50,0,4.13,0
439,Marketing,Male,35,Analyst,6,Bachelor,1,4400,43,18,10,11,25,12,26,0,3.78,0
440,Legal,Male,48,Engineer,9,High School,5,9000,32,16,12,10,50,17,5,0,2.27,0
441,HR,Male,39,Consultant,7,Bachelor,5,8250,37,26,18,9,100,16,12,1,2.13,0
442,Engineering,Male,49,Analyst,5,Bachelor,2,4800,49,33,4,3,75,3,54,0,2.26,0
443,Customer Support,Male,28,Engineer,7,Master,4,8400,59,37,11,5,25,5,40,1,2.64,0
444,HR,Male,30,Analyst,3,Master,4,5600,58,36,17,0,0,9,7,2,4.33,0
445,HR,Male,39,Manager,8,Bachelor,4,8400,51,27,5,13,25,14,10,1,1.81,0
446,Sales,Other,56,Specialist,4,High School,4,6300,36,47,11,4,25,18,88,1,1.66,0
447,Marketing,Female,23,Consultant,3,High School,4,7700,43,40,12,5,25,3,37,1,2.83,0
448,Sales,Female,30,Developer,9,High School,2,6000,38,49,9,6,50,13,62,0,3.37,0
449,Marketing,Female,47,Consultant,0,Bachelor,4,7700,60,41,27,0,0,16,93,0,2.64,0
450,IT,Male,53,Technician,0,PhD,4,4900,45,36,14,3,0,5,7,1,2.35,0
451,Customer Support,Female,49,Engineer,3,Bachelor,1,6600,48,4,6,13,100,10,78,1,1.13,1
452,Customer Support,Female,47,Specialist,4,PhD,2,5400,32,24,7,11,0,11,53,1,4.9,0
453,Customer Support,Male,36,Specialist,4,PhD,1,4950,58,4,18,7,75,3,59,2,2.15,0
454,Operations,Female,31,Developer,3,Bachelor,5,7500,42,19,27,5,75,4,28,1,1.04,0
455,IT,Male,33,Developer,5,Bachelor,4,7000,45,21,28,1,75,5,68,1,3.47,0
456,Operations,Male,23,Manager,8,High School,5,9000,33,43,13,4,75,9,94,0,4.38,0
457,Marketing,Female,35,Technician,9,Master,2,4200,52,27,3,6,25,11,4,0,4.51,0
458,Engineering,Female,52,Consultant,3,Bachelor,4,7700,55,46,9,4,75,17,40,1,4.05,0
459,Sales,Male,39,Consultant,7,Master,4,7700,31,23,27,6,50,11,60,2,3.6,1
460,Engineering,Female,59,Engineer,8,Bachelor,2,7200,39,26,18,0,75,12,67,0,2.44,1
461,Operations,Male,28,Analyst,4,Bachelor,3,5200,56,37,28,11,50,11,98,2,2.54,0
462,Sales,Male,60,Developer,6,High School,1,5500,49,39,21,8,100,10,74,2,3.9,0
463,IT,Male,26,Manager,9,High School,4,8400,48,31,3,7,75,5,62,1,3.06,0
464,Operations,Female,37,Consultant,3,Bachelor,3,7150,56,7,12,7,100,5,64,2,4.72,0
465,IT,Male,40,Specialist,6,Master,3,5850,30,15,13,2,75,10,35,2,3.39,0
466,HR,Male,47,Manager,2,High School,3,7800,53,0,1,7,25,10,5,1,1.2,0
467,Sales,Male,50,Specialist,8,Bachelor,5,6750,32,48,28,13,25,4,99,2,3.18,0
468,Marketing,Male,56,Consultant,1,Bachelor,5,8250,52,4,28,6,0,8,48,2,2.97,0
469,Finance,Male,39,Consultant,6,Bachelor,2,6600,42,19,0,6,50,10,54,1,3.39,0
470,Operations,Male,36,Analyst,6,High School,5,6000,43,26,23,5,50,13,48,1,2.42,0
471,IT,Female,47,Developer,2,Bachelor,4,7000,40,7,15,5,75,10,22,0,1.59,0
472,Customer Support,Female,47,Specialist,0,Bachelor,4,6300,48,12,28,1,50,4,27,1,2.34,0
473,IT,Female,27,Engineer,9,Bachelor,4,8400,51,2,2,1,50,19,64,0,3.03,0
474,Marketing,Male,32,Consultant,5,Bachelor,4,7700,57,8,2,8,75,8,70,2,3.74,0
475,Engineering,Female,29,Consultant,6,High School,4,7700,44,23,22,0,0,16,6,1,4.56,0
476,Sales,Female,39,Technician,5,High School,3,4550,57,44,8,2,0,10,58,2,1.22,0
477,Engineering,Male,26,Engineer,2,Bachelor,3,7800,40,29,7,7,75,14,3,0,1.2,0
478,Legal,Male,39,Specialist,7,Bachelor,1,4950,35,34,11,13,25,18,26,2,2.84,0
479,HR,Male,32,Analyst,6,Bachelor,2,4800,43,37,25,14,0,2,10,0,1.81,0
480,IT,Male,37,Consultant,6,High School,5,8250,31,35,0,0,75,3,42,2,4.28,0
481,IT,Male,57,Engineer,8,PhD,4,8400,49,30,26,2,25,11,39,0,2.17,0
482,Engineering,Female,52,Specialist,3,High School,3,5850,55,10,24,2,75,3,48,0,2.91,0
483,Operations,Male,55,Manager,2,Bachelor,3,7800,52,4,17,9,75,15,34,0,1.23,0
484,Operations,Female,58,Consultant,5,High School,1,6050,55,37,21,12,0,12,26,2,1.79,0
485,Operations,Male,37,Specialist,6,Bachelor,5,6750,39,37,22,9,50,14,8,1,4.83,0
486,HR,Male,59,Consultant,4,Bachelor,3,7150,33,35,15,6,0,8,80,1,2.18,0
487,Customer Support,Male,43,Technician,0,Bachelor,5,5250,59,12,1,5,50,9,20,1,3.86,0
488,Engineering,Male,41,Consultant,4,Bachelor,1,6050,43,12,14,0,0,19,86,0,3.65,0
489,IT,Female,48,Specialist,7,High School,2,5400,34,16,6,0,0,4,97,1,2.47,0
490,Finance,Female,42,Analyst,5,Master,4,5600,37,1,2,0,50,18,11,2,3.21,0
491,Legal,Female,51,Consultant,4,High School,1,6050,38,21,25,0,100,4,99,1,2.01,0
492,Customer Support,Male,36,Manager,2,Bachelor,3,7800,42,21,20,14,0,11,7,2,4.68,0
493,Legal,Male,22,Engineer,7,Bachelor,1,6600,56,1,21,12,75,17,64,2,4.99,0
494,Marketing,Other,48,Specialist,6,Master,4,6300,40,17,3,10,25,10,88,1,4.92,0
495,Sales,Male,41,Specialist,0,Bachelor,2,5400,34,20,7,5,100,10,37,0,2.3,0
496,Finance,Female,50,Developer,0,PhD,4,7000,31,40,23,10,50,3,69,2,4.31,0
497,Engineering,Male,27,Consultant,5,Bachelor,2,6600,55,9,10,5,100,1,26,1,3.5,0
498,Engineering,Male,35,Analyst,5,High School,4,5600,51,25,18,6,50,17,48,0,2.95,0
499,Operations,Female,27,Specialist,5,High School,3,5850,46,47,0,8,0,11,62,1,3.88,0
500,Marketing,Male,27,Analyst,3,Bachelor,5,6000,46,48,15,5,0,19,97,0,3.38,0
501,IT,Female,31,Specialist,1,High School,5,6750,31,13,9,8,75,18,90,0,2.24,0
502,Customer Support,Male,57,Technician,5,High School,2,4200,51,8,18,8,0,16,98,0,4.27,0
503,Finance,Male,40,Consultant,2,High School,2,6600,47,16,22,10,100,15,19,0,1.89,0
504,Operations,Female,36,Specialist,6,High School,4,6300,45,35,28,10,25,11,36,0,3.73,0
505,Finance,Female,58,Analyst,9,High School,1,4400,52,24,0,3,0,11,39,2,1.15,0
506,HR,Other,56,Technician,8,Bachelor,5,5250,51,27,2,9,75,3,87,0,3.83,0
507,Customer Support,Other,36,Manager,4,Master,5,9000,39,5,22,5,25,17,45,2,2.44,0
508,Engineering,Male,49,Manager,9,Master,1,6600,35,41,20,13,50,12,51,0,4.41,0
509,Operations,Male,35,Consultant,6,Bachelor,1,6050,32,33,5,9,100,17,57,0,3.8,0
510,Legal,Male,57,Specialist,6,Bachelor,1,4950,57,0,0,3,75,4,7,1,4.06,0
511,HR,Female,50,Consultant,8,High School,5,8250,38,37,2,0,0,14,15,2,3.04,0
512,IT,Female,46,Specialist,8,Bachelor,2,5400,60,6,18,11,25,10,74,0,3.36,0
513,Legal,Male,35,Engineer,5,Master,2,7200,42,29,14,5,0,11,72,0,1.15,0
514,Finance,Male,36,Consultant,6,High School,2,6600,46,48,3,13,0,10,51,2,2.43,0
515,IT,Male,50,Consultant,8,High School,3,7150,44,25,5,2,75,11,30,1,2.31,0
516,Engineering,Female,46,Consultant,7,High School,5,8250,48,17,11,1,25,10,44,2,1.4,0
517,Legal,Male,55,Manager,7,Master,4,8400,38,41,25,12,50,9,3,2,4.58,0
518,Engineering,Female,27,Developer,0,Bachelor,1,5500,32,28,16,14,100,1,93,0,1.99,0
519,Finance,Male,39,Developer,1,Bachelor,5,7500,34,12,0,10,0,15,47,2,2.17,0
520,Finance,Female,43,Developer,4,High School,1,5500,53,8,16,4,100,10,56,2,2.66,0
521,Sales,Male,24,Consultant,5,High School,2,6600,54,49,9,9,75,19,57,2,1,0
522,Customer Support,Female,52,Analyst,8,High School,1,4400,53,38,23,10,25,6,28,1,2.61,0
523,Engineering,Female,49,Consultant,8,High School,5,8250,49,4,4,3,75,1,81,2,4.12,0
524,Legal,Female,27,Specialist,6,Bachelor,4,6300,30,11,26,10,50,2,12,2,4.02,0
525,Marketing,Male,59,Consultant,2,Bachelor,5,8250,56,28,14,12,75,18,48,1,2.1,0
526,Operations,Male,31,Technician,4,High School,1,3850,36,19,18,9,100,9,67,1,1.74,0
527,Operations,Male,52,Manager,4,Bachelor,4,8400,52,30,20,6,25,11,51,2,1.24,0
528,HR,Female,28,Engineer,3,Bachelor,1,6600,30,3,11,9,75,4,6,0,2.82,0
529,HR,Male,32,Developer,4,Bachelor,3,6500,35,36,0,5,100,18,68,0,3.43,0
530,HR,Male,27,Developer,2,Bachelor,2,6000,57,12,4,8,0,16,22,1,2.17,0
531,Marketing,Male,37,Engineer,6,Master,2,7200,48,23,20,14,75,14,88,1,4.28,1
532,Customer Support,Female,30,Engineer,5,Bachelor,3,7800,44,7,3,3,75,15,87,0,4.82,0
533,Legal,Male,34,Manager,5,Master,2,7200,38,45,21,9,100,9,39,1,4.21,0
534,Customer Support,Female,45,Developer,8,High School,4,7000,52,12,25,11,25,5,97,1,2.21,0
535,HR,Male,29,Consultant,3,High School,2,6600,48,46,21,0,75,9,47,0,3.96,0
536,Finance,Female,45,Specialist,2,Bachelor,1,4950,52,14,10,12,50,4,26,0,4.16,1
537,Marketing,Female,46,Technician,6,Bachelor,2,4200,45,37,29,5,75,3,89,1,4.06,0
538,IT,Male,35,Manager,2,Bachelor,3,7800,49,17,25,6,0,5,57,2,4.16,1
539,HR,Female,46,Technician,3,High School,5,5250,59,4,13,7,100,4,29,0,2.4,0
540,Sales,Female,55,Technician,6,High School,4,4900,30,12,29,1,25,9,89,2,1.58,0
541,Legal,Female,52,Engineer,1,Bachelor,2,7200,36,6,20,4,75,2,2,0,3.18,0
542,Marketing,Female,35,Specialist,1,Bachelor,3,5850,43,31,10,10,100,3,26,1,4.8,0
543,Marketing,Other,38,Specialist,5,PhD,1,4950,40,32,26,12,75,16,42,2,4,0
544,Legal,Female,35,Developer,0,Bachelor,2,6000,40,8,9,8,50,4,3,0,4.52,1
545,Sales,Male,39,Developer,9,Bachelor,1,5500,57,41,12,7,100,10,45,0,2.33,0
546,Operations,Female,33,Manager,1,Bachelor,1,6600,41,25,11,13,75,11,5,2,2.38,0
547,Sales,Male,52,Specialist,8,High School,1,4950,49,19,28,9,0,13,79,1,3.44,0
548,Sales,Other,58,Analyst,0,Bachelor,3,5200,52,12,5,4,25,18,31,0,2.95,0
549,Finance,Female,48,Specialist,4,High School,1,4950,59,15,23,12,0,6,81,1,1.41,0
550,Operations,Male,31,Engineer,6,Master,2,7200,31,16,11,4,0,9,62,2,1.85,1
551,Engineering,Female,31,Specialist,1,Bachelor,2,5400,54,13,24,14,50,18,59,1,3.08,0
552,Customer Support,Female,45,Analyst,7,Master,3,5200,54,16,22,0,100,17,17,2,2.57,0
553,Engineering,Female,24,Developer,5,Bachelor,2,6000,38,39,2,4,25,16,46,0,4.2,0
554,Customer Support,Male,60,Engineer,2,Bachelor,5,9000,40,1,27,5,100,19,7,1,2.66,0
555,Sales,Male,24,Technician,9,Master,1,3850,52,7,23,2,50,18,96,2,2.34,0
556,Finance,Male,60,Analyst,6,High School,5,6000,42,33,6,12,0,19,19,1,2.9,0
557,Customer Support,Female,51,Specialist,0,Bachelor,2,5400,40,5,14,9,75,13,90,1,1.68,0
558,Engineering,Female,48,Specialist,5,Master,5,6750,40,2,6,8,50,15,98,0,2.48,0
559,Legal,Female,54,Technician,7,High School,2,4200,36,45,1,1,25,7,34,2,1.12,1
560,Finance,Female,29,Developer,4,Bachelor,1,5500,31,13,24,14,100,13,40,2,2.88,0
561,Customer Support,Female,46,Manager,1,Bachelor,1,6600,47,12,23,14,0,18,37,2,2.4,0
562,Marketing,Female,56,Specialist,9,Bachelor,1,4950,40,18,13,12,100,13,61,2,3.92,0
563,Engineering,Male,56,Analyst,2,Bachelor,1,4400,40,15,0,6,0,17,12,2,3.58,0
564,Sales,Female,57,Technician,2,High School,3,4550,49,27,25,13,0,3,20,0,2.8,0
565,Sales,Female,35,Analyst,5,Master,3,5200,60,36,25,14,25,15,3,0,3.31,0
566,Operations,Male,33,Technician,7,Bachelor,5,5250,41,26,11,2,75,17,60,0,1.4,0
567,Customer Support,Female,26,Technician,6,High School,5,5250,50,5,12,10,100,18,75,1,4.14,0
568,Operations,Female,28,Engineer,6,Bachelor,4,8400,60,35,1,7,0,11,52,0,1.56,1
569,Marketing,Female,55,Specialist,9,Master,5,6750,32,2,3,9,75,9,2,1,1.66,0
570,Legal,Male,46,Developer,9,Bachelor,4,7000,46,14,29,14,50,18,87,2,4.04,0
571,HR,Male,35,Developer,5,High School,4,7000,39,35,18,3,100,11,5,1,2.47,1
572,Operations,Female,32,Manager,3,Bachelor,1,6600,57,40,24,13,75,19,23,0,2.1,0
573,HR,Female,26,Analyst,5,Bachelor,2,4800,34,12,6,14,50,15,56,0,2.21,0
574,Finance,Female,35,Analyst,2,Bachelor,4,5600,40,0,20,5,100,13,92,1,3.97,0
575,Engineering,Female,41,Manager,4,Bachelor,5,9000,53,35,19,14,75,4,31,2,2.13,0
576,Marketing,Male,50,Analyst,2,High School,5,6000,43,12,7,6,75,7,5,1,4.86,0
577,Marketing,Male,25,Technician,9,High School,4,4900,30,39,6,14,100,17,47,0,1.12,0
578,IT,Male,40,Specialist,2,High School,3,5850,33,34,20,11,100,8,0,1,1.22,1
579,Customer Support,Female,37,Developer,2,Bachelor,1,5500,41,11,23,4,25,11,84,1,4.54,0
580,IT,Female,52,Specialist,4,Bachelor,2,5400,40,1,8,12,75,9,77,2,2.7,0
581,Engineering,Male,54,Analyst,5,Bachelor,3,5200,47,20,19,14,25,5,35,1,2.4,0
582,Finance,Male,54,Specialist,7,Bachelor,2,5400,32,8,27,14,75,7,86,2,2.38,0
583,HR,Male,34,Manager,9,Bachelor,5,9000,57,23,25,8,75,14,13,1,1.1,0
584,Legal,Male,39,Developer,2,High School,1,5500,45,19,17,9,100,13,32,0,1.81,0
585,Sales,Female,59,Specialist,6,Bachelor,3,5850,40,47,4,4,100,15,71,1,2.92,0
586,Engineering,Female,53,Engineer,1,Bachelor,4,8400,60,8,9,7,50,4,37,1,3.62,0
587,IT,Male,49,Developer,0,High School,2,6000,44,46,13,3,0,5,14,0,1.82,0
588,Marketing,Male,59,Analyst,9,High School,1,4400,59,10,6,3,0,11,20,0,2.16,0
589,Engineering,Female,36,Consultant,9,High School,1,6050,45,2,9,12,50,14,15,0,1.4,0
590,Marketing,Male,43,Analyst,3,High School,5,6000,45,49,11,11,50,18,62,0,1.34,0
591,Engineering,Male,27,Consultant,2,High School,1,6050,51,28,7,3,50,8,90,1,4.35,0
592,Finance,Male,54,Consultant,0,Bachelor,5,8250,34,22,12,8,75,2,15,2,1.03,0
593,Marketing,Female,29,Developer,4,Bachelor,3,6500,45,36,11,4,75,7,39,2,1.09,0
594,HR,Male,33,Analyst,6,Bachelor,4,5600,33,16,28,1,50,11,25,2,1.99,0
595,HR,Male,35,Developer,6,Bachelor,1,5500,39,44,24,0,0,9,8,0,1.51,1
596,Finance,Female,43,Manager,7,Bachelor,4,8400,47,35,4,13,100,18,28,0,4.83,0
597,Sales,Male,40,Technician,6,Bachelor,3,4550,40,17,18,7,75,18,18,2,4.75,0
598,Operations,Female,27,Technician,3,Bachelor,5,5250,35,11,16,1,75,6,56,2,1.78,0
599,IT,Female,39,Developer,3,High School,3,6500,40,48,20,9,50,2,64,1,2.76,0
600,Operations,Male,34,Technician,4,High School,5,5250,52,4,25,10,75,8,38,2,4.46,1
601,HR,Other,27,Developer,4,Master,3,6500,59,42,7,10,75,1,69,2,1.28,0
602,IT,Male,27,Developer,0,Master,5,7500,30,16,5,1,0,3,95,2,4.72,0
603,Customer Support,Female,46,Analyst,9,Master,1,4400,41,49,24,5,25,15,8,2,3.96,0
604,Sales,Male,28,Consultant,7,Bachelor,2,6600,42,19,11,2,25,13,19,1,4.25,0
605,Marketing,Male,41,Engineer,0,High School,5,9000,34,9,20,6,100,17,41,2,1.7,0
606,IT,Female,35,Engineer,0,Master,4,8400,49,1,3,12,75,10,75,0,3.7,0
607,Engineering,Female,43,Manager,1,High School,2,7200,39,41,21,12,25,9,53,1,4.77,0
608,Sales,Male,42,Technician,6,Bachelor,1,3850,59,30,9,5,25,2,2,2,4.73,0
609,Sales,Female,43,Technician,0,Bachelor,1,3850,34,42,17,3,25,16,33,2,4.68,0
610,Sales,Male,30,Technician,1,High School,1,3850,33,15,20,8,100,18,16,1,3.48,0
611,Marketing,Female,42,Manager,5,High School,1,6600,55,7,19,7,75,15,15,2,1.58,0
612,HR,Male,42,Technician,1,Bachelor,5,5250,52,46,14,9,100,1,46,1,2.98,1
613,Operations,Male,56,Developer,4,PhD,3,6500,55,32,17,11,25,9,95,2,4.34,0
614,Sales,Female,41,Analyst,5,Bachelor,3,5200,45,0,1,7,0,15,77,1,1.96,0
615,Operations,Male,24,Specialist,9,High School,2,5400,30,16,0,6,25,7,69,1,3.65,1
616,Operations,Male,26,Technician,8,High School,4,4900,50,9,13,9,0,6,29,1,3.24,0
617,Sales,Female,36,Engineer,2,Master,2,7200,34,44,28,12,75,17,27,1,2.14,0
618,Operations,Male,56,Consultant,9,Bachelor,1,6050,48,24,9,2,50,4,50,1,4.2,0
619,IT,Female,40,Consultant,0,Master,2,6600,59,29,7,7,25,8,23,0,4.08,0
620,Operations,Female,56,Technician,4,High School,1,3850,55,21,5,1,0,19,40,0,3.1,1
621,HR,Male,40,Specialist,7,Bachelor,4,6300,58,0,10,3,0,16,49,0,3.24,0
622,Engineering,Female,35,Consultant,3,High School,1,6050,51,26,19,0,0,11,39,0,2.51,0
623,Legal,Male,33,Developer,1,High School,4,7000,60,44,28,12,50,6,34,2,3.93,0
624,Engineering,Male,42,Technician,2,Master,5,5250,59,38,23,9,50,11,37,1,2.28,0
625,Legal,Female,51,Engineer,4,High School,5,9000,55,27,9,6,50,12,75,0,1.17,0
626,Legal,Male,49,Consultant,4,Master,1,6050,52,12,21,1,25,2,17,2,2.9,0
627,IT,Female,26,Manager,6,High School,3,7800,43,4,14,14,50,5,82,1,2.85,0
628,IT,Female,33,Engineer,5,PhD,5,9000,50,45,17,0,0,11,16,0,1.32,0
629,Finance,Female,35,Manager,2,Bachelor,5,9000,43,41,22,10,100,15,87,1,3.73,1
630,Sales,Female,35,Engineer,6,High School,3,7800,31,35,21,3,50,15,97,2,4.86,0
631,HR,Female,48,Analyst,0,Bachelor,1,4400,43,41,16,8,0,2,37,1,2.55,0
632,Finance,Female,35,Manager,5,Bachelor,2,7200,60,30,1,1,0,19,24,0,4.25,0
633,IT,Female,35,Technician,6,Bachelor,3,4550,37,30,3,6,50,15,73,1,3.84,0
634,HR,Male,51,Consultant,0,Bachelor,5,8250,56,39,1,4,75,19,39,0,4.88,0
635,Sales,Male,33,Specialist,6,High School,1,4950,47,35,2,3,0,8,28,0,4.49,0
636,IT,Female,37,Developer,7,High School,5,7500,39,16,25,8,25,16,64,2,1.56,0
637,Finance,Other,47,Analyst,8,Bachelor,4,5600,47,19,8,0,50,6,24,2,2.95,0
638,Sales,Male,42,Specialist,7,Bachelor,2,5400,53,38,25,8,50,14,70,1,4.47,0
639,Sales,Female,29,Consultant,0,High School,5,8250,44,35,26,4,0,13,88,2,2.44,0
640,Sales,Male,53,Analyst,9,High School,4,5600,38,17,20,12,100,11,96,1,2.95,1
641,Engineering,Male,43,Engineer,6,PhD,2,7200,49,16,10,5,0,5,63,2,4.04,0
642,IT,Male,35,Engineer,5,High School,4,8400,43,39,6,11,25,4,11,1,3.58,0
643,IT,Male,37,Manager,9,Bachelor,4,8400,35,2,20,3,50,14,55,0,2.37,0
644,Legal,Male,30,Engineer,4,Master,2,7200,44,26,3,5,0,3,97,0,1.49,0
645,Legal,Female,59,Manager,8,High School,2,7200,31,17,22,6,100,15,59,2,2.8,0
646,Finance,Female,39,Technician,8,High School,4,4900,60,14,16,10,100,18,19,2,3.26,0
647,Customer Support,Male,22,Technician,4,Master,5,5250,50,39,19,0,0,2,19,0,3.6,0
648,Customer Support,Male,30,Consultant,9,High School,4,7700,47,2,1,5,75,5,54,2,1.83,0
649,Marketing,Female,31,Developer,0,Bachelor,4,7000,44,46,23,14,75,5,15,1,1.43,0
650,Legal,Male,44,Developer,5,High School,2,6000,53,15,23,12,100,11,90,0,3.55,0
651,Legal,Female,29,Developer,8,Master,3,6500,57,43,23,0,100,2,99,2,3.23,0
652,Operations,Male,33,Specialist,1,Bachelor,1,4950,36,12,11,9,0,18,30,0,2.07,0
653,Marketing,Male,39,Specialist,9,PhD,1,4950,47,38,27,3,25,3,75,2,1.62,0
654,Operations,Male,39,Analyst,9,High School,1,4400,40,1,11,5,25,18,89,2,3.18,0
655,HR,Male,27,Analyst,8,High School,5,6000,31,27,7,8,100,7,81,2,4.24,0
656,Customer Support,Female,59,Analyst,8,High School,2,4800,46,34,25,6,100,17,23,0,3.25,1
657,HR,Female,39,Technician,6,Bachelor,4,4900,59,30,10,8,0,12,59,1,2.18,0
658,Finance,Male,35,Analyst,3,High School,1,4400,41,2,15,3,100,16,94,2,2.69,0
659,Operations,Female,33,Manager,9,Bachelor,5,9000,49,3,26,4,50,12,86,0,2.91,1
660,Customer Support,Female,55,Engineer,4,Bachelor,4,8400,46,41,4,7,100,11,23,2,4.84,0
661,Customer Support,Male,43,Consultant,0,High School,3,7150,34,23,3,2,0,9,63,2,4.08,0
662,Sales,Male,46,Analyst,9,High School,1,4400,57,48,16,3,75,12,18,1,2.66,0
663,Engineering,Female,47,Analyst,3,High School,1,4400,40,8,9,5,75,2,29,1,1.89,0
664,Legal,Male,47,Engineer,4,Bachelor,3,7800,33,41,8,14,100,2,89,2,1.86,0
665,Customer Support,Female,37,Technician,6,High School,5,5250,36,25,20,13,75,14,87,0,2.19,0
666,IT,Female,37,Technician,4,PhD,4,4900,48,10,19,2,75,9,10,1,2.13,0
667,Sales,Male,59,Analyst,7,High School,1,4400,56,9,7,14,0,7,30,0,3.02,0
668,Finance,Male,45,Technician,1,PhD,1,3850,31,12,16,4,0,11,99,1,3.37,0
669,Sales,Female,43,Consultant,9,High School,1,6050,53,22,26,5,50,6,98,0,2.85,0
670,Legal,Male,47,Developer,5,Master,1,5500,37,49,16,7,100,4,58,2,2.35,0
671,Customer Support,Male,46,Specialist,7,High School,2,5400,59,6,22,14,100,10,22,0,4.33,0
672,Legal,Female,56,Consultant,7,Bachelor,3,7150,40,49,17,6,100,15,98,0,3.09,0
673,Finance,Female,53,Analyst,0,Bachelor,5,6000,42,0,26,3,100,14,83,2,4.64,0
674,Legal,Female,50,Consultant,4,Bachelor,2,6600,48,42,23,1,75,4,79,1,1.29,0
675,IT,Female,53,Developer,7,High School,2,6000,41,1,27,10,0,11,67,2,4.5,0
676,Finance,Male,52,Manager,8,Bachelor,3,7800,35,28,27,6,50,17,67,2,4.06,0
677,IT,Male,46,Manager,7,High School,3,7800,57,37,6,0,0,11,25,2,3.2,0
678,Legal,Female,25,Consultant,1,PhD,2,6600,41,3,10,5,50,10,74,1,2.75,0
679,Marketing,Other,60,Consultant,0,PhD,3,7150,51,46,28,12,25,15,21,1,3.16,0
680,Engineering,Male,44,Analyst,9,Bachelor,2,4800,37,18,26,14,0,14,33,0,1.69,0
681,Engineering,Male,39,Consultant,8,Master,1,6050,33,47,23,7,75,14,16,1,3.43,0
682,Operations,Male,51,Technician,2,Master,2,4200,33,21,7,6,75,8,31,0,1.72,1
683,Operations,Male,46,Technician,2,High School,5,5250,34,26,23,2,25,4,63,0,4.72,0
684,Engineering,Female,45,Developer,4,Master,4,7000,52,42,23,8,25,10,72,1,4.27,0
685,Sales,Female,37,Technician,0,PhD,5,5250,33,10,10,13,50,3,48,0,2.06,0
686,Finance,Male,51,Engineer,9,High School,1,6600,47,24,15,6,75,10,93,2,4.77,1
687,HR,Female,52,Technician,1,Master,4,4900,57,14,26,1,25,12,66,1,4.82,0
688,IT,Male,32,Consultant,8,Bachelor,1,6050,57,49,23,0,50,9,50,0,2.43,0
689,Legal,Male,58,Manager,9,PhD,3,7800,43,31,18,6,100,12,15,0,1.56,0
690,Sales,Male,48,Technician,6,Bachelor,4,4900,49,9,26,5,50,17,3,2,1.54,0
691,Finance,Male,54,Engineer,6,High School,2,7200,34,28,2,6,0,10,6,2,3.9,0
692,Marketing,Male,23,Engineer,3,Bachelor,4,8400,44,20,28,7,50,16,92,0,2.05,0
693,Sales,Male,50,Developer,2,Bachelor,1,5500,49,48,6,12,50,4,94,1,1.81,0
694,Engineering,Male,27,Analyst,3,Master,1,4400,30,0,11,5,100,15,47,2,3.99,1
695,Sales,Male,24,Manager,7,High School,5,9000,40,10,10,10,0,14,81,0,4.76,0
696,Finance,Male,41,Manager,3,High School,3,7800,47,35,6,9,25,10,69,1,2.88,0
697,Engineering,Male,33,Consultant,3,Bachelor,1,6050,52,19,16,4,25,13,53,0,3.62,0
698,Legal,Male,57,Manager,5,Bachelor,2,7200,60,12,13,4,100,5,32,1,4.83,0
699,Customer Support,Female,42,Technician,8,Bachelor,4,4900,31,26,13,10,0,2,95,2,2.1,0
700,Legal,Male,57,Manager,0,Master,2,7200,56,43,8,6,25,19,90,0,2.53,0
701,Sales,Female,44,Analyst,2,Bachelor,5,6000,52,7,5,9,100,7,96,0,1.47,0
702,IT,Male,26,Developer,1,Bachelor,4,7000,48,27,16,8,75,16,0,0,4.37,0
703,Marketing,Male,51,Specialist,8,Bachelor,3,5850,39,31,6,1,50,6,60,0,3.26,0
704,Sales,Male,38,Consultant,1,Bachelor,4,7700,36,47,14,14,100,16,55,2,4.77,0
705,Marketing,Male,26,Developer,2,Bachelor,1,5500,53,25,2,4,75,5,48,2,2.69,0
706,Engineering,Male,22,Developer,7,Master,2,6000,33,21,19,13,75,8,25,2,3.23,0
707,Customer Support,Male,40,Analyst,1,High School,4,5600,57,48,28,2,50,9,56,2,2.53,0
708,Customer Support,Male,55,Engineer,1,High School,5,9000,46,47,17,12,75,19,41,1,3.65,1
709,Engineering,Female,60,Consultant,5,Bachelor,5,8250,40,26,2,11,0,17,53,0,2.19,0
710,Finance,Female,40,Specialist,1,Master,4,6300,40,25,17,10,75,11,73,1,3.71,0
711,Finance,Female,46,Manager,3,High School,4,8400,56,35,0,10,50,14,96,1,2.1,0
712,Finance,Female,57,Manager,5,Bachelor,3,7800,34,28,6,1,25,15,74,0,1.84,0
713,Sales,Male,39,Specialist,4,High School,5,6750,36,0,27,0,100,11,46,1,1.89,1
714,Sales,Male,44,Consultant,2,Master,4,7700,47,35,8,4,75,10,88,0,2.85,0
715,Operations,Female,33,Developer,8,Bachelor,3,6500,31,35,13,2,50,11,53,1,2.62,0
716,Operations,Male,49,Consultant,7,Master,4,7700,38,19,3,2,0,15,39,1,4.3,0
717,Marketing,Female,42,Consultant,8,High School,1,6050,30,29,14,6,50,5,36,1,1.76,0
718,Engineering,Other,48,Engineer,4,Bachelor,3,7800,60,14,0,0,50,3,19,2,3.41,0
719,Legal,Male,35,Developer,5,High School,2,6000,60,24,17,0,75,2,14,1,4.85,0
720,Legal,Male,27,Manager,5,Bachelor,3,7800,52,3,2,11,25,10,37,0,1.21,1
721,Finance,Male,46,Engineer,5,High School,1,6600,48,1,17,3,25,17,51,1,2.87,0
722,Engineering,Male,37,Engineer,0,Bachelor,4,8400,34,45,15,11,25,8,56,2,2.3,0
723,Operations,Male,52,Technician,2,Master,1,3850,53,20,7,3,75,14,84,1,3.13,0
724,IT,Male,29,Consultant,6,Master,2,6600,50,16,12,1,75,6,19,2,3.85,0
725,Finance,Female,60,Consultant,4,Master,3,7150,33,24,28,9,0,3,2,2,3.45,0
726,Marketing,Female,60,Engineer,9,High School,3,7800,35,20,29,1,25,10,65,2,1.33,0
727,Marketing,Male,42,Analyst,8,Bachelor,2,4800,53,27,21,14,75,6,63,1,4.09,0
728,Customer Support,Female,43,Analyst,1,Bachelor,4,5600,39,48,25,5,25,7,4,2,1.04,0
729,Operations,Female,24,Technician,3,Master,3,4550,50,28,16,8,0,16,44,2,1.52,0
730,HR,Female,26,Technician,0,High School,2,4200,47,40,9,9,75,19,31,1,4.82,0
731,Customer Support,Male,29,Specialist,8,PhD,4,6300,31,13,27,2,100,11,10,0,1.52,0
732,Operations,Male,52,Specialist,5,High School,3,5850,59,8,10,2,0,1,92,0,2.15,0
733,Legal,Other,51,Technician,0,High School,4,4900,42,7,28,11,0,6,9,0,1.78,0
734,IT,Male,47,Developer,2,High School,5,7500,49,36,8,3,50,13,71,0,2.19,1
735,HR,Male,42,Manager,1,Master,4,8400,38,34,25,13,0,10,81,0,2.82,0
736,Marketing,Female,42,Specialist,0,Bachelor,1,4950,43,9,17,4,75,2,90,2,1.28,0
737,Engineering,Female,33,Developer,3,Bachelor,2,6000,59,21,20,13,0,19,43,2,4.24,0
738,IT,Female,32,Specialist,4,Bachelor,3,5850,50,27,17,10,100,1,65,1,4.39,0
739,Sales,Female,45,Analyst,5,Bachelor,3,5200,59,32,25,9,50,18,89,0,4.03,1
740,Marketing,Male,25,Manager,5,High School,3,7800,59,41,2,7,25,17,8,1,3.75,0
741,Sales,Female,54,Engineer,6,High School,5,9000,54,47,24,11,100,13,71,1,3.57,0
742,Customer Support,Male,55,Engineer,0,Bachelor,5,9000,48,21,27,6,75,1,63,0,1.8,0
743,Customer Support,Male,31,Engineer,4,Bachelor,5,9000,40,25,11,13,100,5,75,1,2.44,0
744,IT,Female,51,Analyst,7,Master,4,5600,31,40,5,3,25,10,89,1,2.63,0
745,Operations,Female,30,Manager,4,Master,4,8400,55,44,19,12,25,19,68,1,2.98,0
746,Legal,Male,39,Technician,6,Bachelor,4,4900,54,23,15,12,75,1,54,0,1.36,0
747,HR,Female,60,Manager,8,Bachelor,5,9000,40,37,4,6,75,1,74,2,1.65,0
748,Finance,Male,53,Manager,5,High School,2,7200,38,23,15,2,25,6,86,2,3.05,0
749,HR,Male,48,Technician,7,Bachelor,1,3850,44,23,28,7,25,17,32,1,2.22,0
750,Customer Support,Female,37,Consultant,3,Bachelor,2,6600,32,11,11,6,25,17,71,1,1.01,0
751,Engineering,Female,39,Engineer,0,Master,3,7800,49,2,9,0,25,16,63,0,2.58,0
752,IT,Female,45,Manager,4,High School,1,6600,43,34,29,4,50,9,43,0,1.01,0
753,IT,Male,60,Engineer,0,Bachelor,1,6600,53,3,24,1,50,8,59,1,1.12,0
754,HR,Female,59,Specialist,8,High School,2,5400,31,30,6,4,25,2,0,2,4.49,0
755,Finance,Female,23,Consultant,5,Bachelor,2,6600,53,4,21,9,100,17,75,2,3.23,0
756,HR,Male,59,Manager,4,High School,1,6600,41,35,0,8,50,7,86,0,4.48,0
757,HR,Female,49,Analyst,3,Bachelor,2,4800,46,5,12,11,100,13,68,1,2.64,0
758,HR,Male,58,Engineer,9,High School,5,9000,56,9,21,14,75,12,89,1,3.36,0
759,Customer Support,Male,27,Consultant,8,High School,2,6600,46,44,3,2,0,8,31,0,3.34,0
760,Legal,Male,42,Specialist,6,Master,5,6750,56,0,19,13,50,19,43,2,3.46,1
761,Finance,Female,44,Engineer,1,Master,3,7800,37,43,14,0,25,8,2,1,3.74,0
762,Customer Support,Male,50,Consultant,0,Bachelor,5,8250,34,44,22,3,75,11,19,2,2.19,0
763,Engineering,Female,57,Specialist,1,High School,2,5400,44,29,22,9,0,17,26,0,3.08,0
764,Customer Support,Male,44,Technician,7,Bachelor,5,5250,51,12,13,0,25,7,51,2,3.04,0
765,Operations,Male,29,Specialist,8,Bachelor,1,4950,43,33,8,2,75,7,55,0,1.41,0
766,IT,Female,33,Specialist,8,Master,5,6750,56,1,7,11,100,12,42,2,2.07,0
767,HR,Male,34,Analyst,4,High School,5,6000,34,26,15,9,25,9,68,0,1.52,0
767,HR,Male,34,Analyst,4,High School,5,6000,34,26,15,9,25,9,68,0,1.52,0
768,Marketing,Female,26,Technician,3,Master,2,4200,58,35,11,9,75,15,83,0,3.47,0
769,Finance,Female,43,Consultant,2,Bachelor,4,7700,54,47,22,6,0,12,42,2,2.51,0
770,Engineering,Female,60,Analyst,3,Bachelor,3,5200,42,32,12,5,75,9,68,1,4.4,0
771,Customer Support,Male,45,Technician,8,Master,1,3850,35,5,11,6,25,8,62,2,1.61,0
772,Operations,Male,44,Specialist,0,Bachelor,5,6750,37,18,29,11,25,8,36,1,3.69,0
773,Customer Support,Other,39,Engineer,7,Bachelor,3,7800,45,35,6,1,0,19,56,2,1.72,0
774,Finance,Male,49,Technician,8,High School,2,4200,36,25,15,0,100,13,27,2,1.28,0
775,Marketing,Female,52,Developer,0,High School,3,6500,37,4,6,1,0,2,29,2,4.08,0
776,Customer Support,Female,27,Technician,7,Bachelor,1,3850,31,46,25,6,100,6,44,2,4.02,0
777,Engineering,Female,42,Specialist,0,PhD,2,5400,50,48,25,13,100,2,98,1,4.5,0
778,IT,Female,30,Developer,8,Bachelor,4,7000,33,13,5,1,25,17,84,1,4.55,0
779,Engineering,Female,55,Specialist,5,Bachelor,3,5850,32,22,16,13,75,15,24,2,1.78,0
780,HR,Male,29,Developer,8,High School,5,7500,51,39,26,13,100,19,34,2,2.77,0
781,Engineering,Other,28,Specialist,3,High School,4,6300,43,25,26,11,25,19,10,1,2.75,0
782,Engineering,Female,43,Engineer,3,Bachelor,2,7200,31,28,3,4,100,11,15,1,2.76,0
783,HR,Female,29,Developer,5,Bachelor,2,6000,43,20,22,13,0,5,8,0,4.33,0
784,Sales,Female,33,Analyst,4,High School,2,4800,37,33,0,9,75,16,7,2,3.15,0
785,Engineering,Female,48,Specialist,9,Bachelor,1,4950,57,9,19,2,0,15,62,2,3.1,0
786,Legal,Female,56,Analyst,6,Bachelor,2,4800,51,5,1,10,50,1,16,2,2.13,1
787,Legal,Male,32,Developer,1,Bachelor,3,6500,35,12,16,12,0,2,1,1,1.92,0
788,Legal,Female,44,Specialist,6,High School,4,6300,58,43,6,6,0,13,66,0,4.23,0
789,Operations,Female,39,Engineer,9,Bachelor,5,9000,38,10,4,1,100,15,49,1,2.51,0
790,HR,Female,51,Technician,6,Bachelor,3,4550,49,26,7,11,75,4,33,2,4.12,1
791,Operations,Male,48,Analyst,5,Master,3,5200,52,23,5,2,100,13,64,2,2.27,0
792,Sales,Male,36,Specialist,8,Bachelor,2,5400,31,22,29,8,0,14,25,0,1.27,0
793,IT,Female,39,Engineer,6,Bachelor,4,8400,48,17,23,3,25,1,80,2,3.65,1
794,Marketing,Female,33,Specialist,1,Bachelor,4,6300,41,41,7,5,100,14,30,0,3.59,0
795,Finance,Female,22,Specialist,2,Bachelor,1,4950,46,35,24,4,0,18,56,2,3.94,0
796,Finance,Female,35,Engineer,0,Bachelor,2,7200,52,29,3,8,0,13,87,2,1.05,0
797,Engineering,Male,49,Specialist,1,Bachelor,2,5400,32,14,8,2,75,2,43,0,1.11,0
798,Operations,Male,41,Consultant,7,Master,3,7150,43,4,3,6,100,13,0,1,3.84,0
799,Operations,Male,54,Consultant,6,Bachelor,1,6050,50,19,1,5,50,5,3,1,1.27,0
800,Sales,Female,27,Developer,5,Bachelor,4,7000,33,30,0,8,100,3,17,1,4.42,0
801,Marketing,Male,27,Specialist,3,High School,1,4950,50,42,27,11,100,12,20,2,2.97,0
802,Operations,Male,46,Specialist,0,Bachelor,2,5400,49,11,16,14,75,7,29,1,4.27,0
803,Marketing,Female,33,Specialist,1,Bachelor,5,6750,59,41,0,6,0,7,81,1,2.9,0
804,Engineering,Female,45,Consultant,0,Master,5,8250,39,24,17,4,75,14,54,1,3.79,0
805,IT,Male,28,Manager,3,Bachelor,2,7200,43,37,24,3,0,9,55,2,4.01,1
806,Engineering,Male,60,Specialist,9,Bachelor,1,4950,44,23,9,1,25,2,74,1,1.9,0
807,Finance,Male,55,Engineer,7,Bachelor,3,7800,40,2,4,14,100,18,95,1,1.34,0
808,Engineering,Female,44,Engineer,5,High School,4,8400,41,21,7,8,100,9,93,2,3.18,0
809,Engineering,Male,44,Consultant,5,Bachelor,1,6050,57,24,9,13,100,17,16,0,3.49,0
810,Sales,Female,30,Manager,6,High School,3,7800,57,28,10,10,100,2,29,1,1.14,0
811,Sales,Female,24,Developer,6,Master,1,5500,42,40,11,14,25,4,81,0,2.08,0
812,Marketing,Male,27,Technician,9,High School,3,4550,30,37,11,11,0,16,41,1,3.92,0
813,Sales,Male,24,Manager,5,Bachelor,3,7800,48,23,14,2,75,19,5,2,1.23,0
814,HR,Female,31,Consultant,4,High School,3,7150,60,32,26,8,0,11,37,0,3.02,0
815,Engineering,Female,26,Analyst,6,PhD,4,5600,40,18,27,1,75,8,55,1,2.29,0
816,Marketing,Female,54,Consultant,4,Bachelor,1,6050,56,6,16,4,75,7,42,2,4.87,0
817,Legal,Male,51,Consultant,5,Bachelor,5,8250,51,42,22,4,75,7,40,0,3.79,0
818,Operations,Male,44,Technician,0,High School,4,4900,55,14,20,11,0,7,79,2,1.22,0
819,Marketing,Male,32,Technician,8,Bachelor,5,5250,54,8,22,4,75,10,78,0,3.88,0
820,Sales,Male,31,Specialist,6,Bachelor,1,4950,45,11,28,12,50,11,65,1,4.13,0
821,Legal,Male,25,Technician,1,Bachelor,4,4900,33,48,25,5,50,16,70,1,1.74,0
822,Sales,Male,32,Developer,6,Master,5,7500,39,4,28,9,100,1,98,1,3.5,0
823,Legal,Female,54,Specialist,7,Bachelor,5,6750,50,17,2,14,25,15,32,1,3.27,1
824,Marketing,Female,29,Specialist,1,Master,2,5400,57,38,19,2,100,5,54,1,3.59,0
825,Finance,Male,22,Engineer,8,High School,5,9000,52,32,16,3,50,11,27,0,4.2,0
826,Operations,Male,59,Technician,3,Bachelor,4,4900,34,5,17,0,75,14,2,1,4.6,1
827,IT,Female,58,Specialist,4,Bachelor,3,5850,30,12,21,7,0,10,68,2,2.74,0
828,Engineering,Female,51,Technician,8,Master,4,4900,37,4,26,4,75,17,89,0,3.44,0
829,Customer Support,Female,48,Analyst,4,Bachelor,1,4400,35,11,11,14,25,8,50,1,2.55,0
830,Sales,Female,28,Analyst,1,Bachelor,3,5200,51,25,28,14,100,3,34,1,2.24,0
831,Legal,Female,47,Manager,0,Master,1,6600,56,17,5,6,75,10,45,1,3.27,0
832,Sales,Female,37,Specialist,2,Bachelor,2,5400,30,30,16,12,50,1,86,0,1.38,0
833,Operations,Male,34,Analyst,9,High School,1,4400,39,20,19,7,25,16,54,2,2.98,0
834,Customer Support,Male,52,Technician,5,Bachelor,4,4900,34,25,12,11,75,19,54,0,1.46,0
835,Sales,Female,60,Manager,3,Bachelor,5,9000,60,18,18,14,75,7,16,2,4.94,0
836,Finance,Male,38,Technician,5,Bachelor,3,4550,56,36,7,14,100,19,42,2,4.27,0
837,Finance,Male,30,Specialist,6,Bachelor,4,6300,45,22,25,2,50,18,89,0,2.85,0
838,Finance,Female,47,Analyst,8,Bachelor,5,6000,30,24,8,12,0,6,88,1,1.32,0
839,Operations,Female,37,Engineer,0,Bachelor,1,6600,53,44,3,13,100,8,85,1,3.64,0
840,Customer Support,Female,44,Manager,4,High School,1,6600,39,44,10,8,25,6,7,1,3.99,0
841,Marketing,Male,39,Analyst,4,High School,1,4400,33,24,20,14,50,16,21,0,1.17,0
842,HR,Male,42,Specialist,1,Master,1,4950,57,44,25,6,0,7,43,2,1.47,0
843,Customer Support,Female,29,Manager,7,Bachelor,5,9000,60,46,0,3,75,2,7,2,2.17,0
844,Legal,Female,53,Analyst,8,High School,3,5200,58,49,10,9,25,16,45,0,2.38,0
845,Operations,Male,59,Engineer,2,Master,5,9000,36,0,11,12,25,13,23,2,2.56,0
846,Sales,Male,37,Specialist,5,Bachelor,2,5400,58,15,21,6,0,11,32,1,4.67,0
847,Finance,Male,30,Developer,0,High School,3,6500,48,40,3,3,75,10,42,0,4.46,1
848,Legal,Male,40,Engineer,7,PhD,4,8400,50,39,3,6,50,3,81,2,2.56,0
849,Operations,Male,38,Specialist,6,High School,1,4950,34,40,27,12,0,3,87,2,2.28,0
850,Marketing,Female,53,Manager,2,Bachelor,3,7800,49,29,24,1,0,10,75,1,4.29,0
851,Operations,Female,35,Manager,3,Bachelor,3,7800,51,7,25,13,25,11,22,0,3.07,0
852,Customer Support,Female,54,Specialist,8,Bachelor,4,6300,34,18,12,10,50,14,61,1,4.04,0
853,HR,Other,40,Manager,6,High School,1,6600,44,25,22,6,50,14,80,1,3.01,0
854,IT,Female,44,Technician,7,PhD,4,4900,51,28,20,11,75,9,98,0,1.93,0
855,HR,Female,45,Analyst,5,Bachelor,1,4400,48,18,16,12,25,1,84,1,4.87,0
856,Customer Support,Female,59,Technician,3,High School,5,5250,56,43,5,9,50,17,40,1,4.85,0
857,Customer Support,Male,33,Technician,3,High School,4,4900,39,0,8,12,0,6,56,0,1.61,0
858,Sales,Female,24,Consultant,5,High School,3,7150,54,21,2,2,100,14,57,2,4.62,0
859,Marketing,Male,56,Manager,7,Bachelor,3,7800,42,30,26,3,25,5,11,1,2.15,0
860,Marketing,Male,42,Specialist,8,Master,4,6300,48,33,20,10,50,9,33,0,2.98,0
861,Finance,Female,59,Analyst,8,Bachelor,1,4400,47,3,5,5,75,6,18,0,4.12,0
862,HR,Female,44,Technician,9,Bachelor,4,4900,46,35,6,14,75,7,24,1,3.52,0
863,Sales,Male,37,Engineer,9,PhD,5,9000,31,9,16,2,75,19,71,1,1.28,0
864,HR,Female,50,Technician,6,Bachelor,1,3850,60,33,25,10,50,14,65,2,1.5,0
865,IT,Male,35,Specialist,5,Bachelor,4,6300,41,49,0,11,50,1,24,0,3.98,0
866,Engineering,Male,25,Consultant,9,Bachelor,4,7700,53,24,7,13,75,11,10,2,3.06,0
867,Engineering,Male,32,Specialist,1,High School,3,5850,52,1,4,8,25,15,52,2,1.01,0
868,Finance,Male,26,Specialist,1,Master,3,5850,33,16,5,1,50,19,32,1,3.02,0
869,Sales,Female,54,Consultant,6,Bachelor,1,6050,51,40,15,0,100,13,0,1,2.92,0
870,Operations,Female,45,Technician,4,Bachelor,2,4200,50,49,24,3,25,6,14,2,2.42,0
871,Legal,Male,33,Engineer,2,Bachelor,1,6600,42,19,12,8,100,5,60,1,1.56,0
872,Customer Support,Female,57,Analyst,8,Bachelor,1,4400,46,18,12,3,50,15,30,2,3.27,0
873,IT,Female,51,Engineer,7,Bachelor,1,6600,32,31,27,0,0,12,9,0,2.31,0
874,Legal,Male,38,Consultant,4,PhD,4,7700,58,44,0,1,0,5,89,1,3.88,0
875,Legal,Female,34,Technician,2,Bachelor,5,5250,51,21,19,10,0,9,82,0,2.54,0
876,Finance,Female,22,Specialist,1,Master,1,4950,60,10,18,6,75,10,16,2,2.77,0
877,Legal,Female,37,Consultant,9,High School,4,7700,32,23,6,10,75,7,92,2,4.88,1
878,Marketing,Female,56,Manager,9,High School,5,9000,34,29,11,2,100,3,83,0,3.32,1
879,Finance,Female,52,Specialist,7,Bachelor,1,4950,59,47,29,4,0,18,44,2,3.6,0
880,Sales,Male,22,Analyst,1,Bachelor,1,4400,51,3,2,9,0,6,59,2,1.3,0
881,Finance,Female,23,Manager,2,Bachelor,4,8400,39,27,1,5,25,3,15,1,1.03,0
882,Customer Support,Male,48,Developer,9,Bachelor,4,7000,34,21,21,9,100,3,77,2,1.16,0
883,Operations,Male,44,Specialist,7,High School,5,6750,52,16,4,13,75,19,86,1,3.6,0
884,Finance,Female,36,Analyst,1,Bachelor,4,5600,32,36,21,0,100,9,77,1,3.05,0
885,Marketing,Female,26,Developer,3,High School,4,7000,33,44,7,12,0,8,27,2,3.25,0
886,Finance,Male,53,Developer,9,Bachelor,4,7000,46,26,25,3,50,1,29,2,3.92,1
887,IT,Male,45,Developer,3,Bachelor,1,5500,38,22,21,3,100,7,56,0,4.13,0
888,Customer Support,Female,46,Consultant,6,Bachelor,3,7150,52,28,26,5,75,10,56,0,2.21,0
889,Sales,Male,27,Manager,0,Master,4,8400,40,3,29,8,100,7,51,0,1.5,1
890,Finance,Female,43,Manager,9,Bachelor,3,7800,31,29,20,14,100,7,13,1,2.89,0
891,Legal,Male,23,Engineer,7,Bachelor,4,8400,31,29,0,4,0,13,24,1,1.3,0
892,Legal,Male,49,Analyst,0,Bachelor,1,4400,40,20,21,7,0,10,24,0,1.74,0
893,Operations,Male,57,Developer,8,Bachelor,3,6500,41,4,25,13,50,4,7,1,3,1
894,Sales,Female,23,Developer,0,Bachelor,2,6000,46,16,0,0,0,11,54,1,3.13,0
895,Finance,Male,34,Technician,9,Bachelor,4,4900,43,10,21,11,75,1,4,0,1.93,0
896,Customer Support,Male,39,Consultant,2,Master,1,6050,35,45,16,10,0,1,5,1,4.82,0
897,Customer Support,Female,52,Analyst,7,Bachelor,5,6000,53,48,19,14,75,4,35,2,2.5,0
898,Engineering,Female,50,Consultant,1,Master,3,7150,33,26,20,8,25,19,64,0,3.84,0
899,Sales,Female,60,Analyst,3,Bachelor,2,4800,48,49,9,7,100,3,89,0,4.79,0
900,Engineering,Male,40,Manager,1,High School,2,7200,36,16,2,0,75,15,69,2,3.28,0
901,Engineering,Male,57,Manager,6,Master,3,7800,54,46,6,14,100,19,14,0,1.96,0
902,HR,Female,55,Consultant,8,Bachelor,1,6050,33,15,19,7,100,10,19,2,1.96,0
903,HR,Female,50,Specialist,4,Bachelor,4,6300,59,15,23,8,75,16,83,0,3.9,0
904,Sales,Female,55,Specialist,4,Master,2,5400,42,34,23,5,100,2,32,0,2.71,0
905,Sales,Female,55,Manager,7,High School,5,9000,41,18,3,10,0,18,33,1,2.77,0
906,Customer Support,Female,40,Specialist,3,Bachelor,1,4950,37,2,9,14,75,18,67,2,3.55,0
907,Engineering,Male,53,Analyst,4,High School,2,4800,45,44,26,4,100,14,56,2,4.37,0
908,Legal,Other,36,Specialist,8,High School,5,6750,56,21,23,11,25,15,2,2,4.4,0
909,Operations,Female,60,Engineer,1,Bachelor,2,7200,38,4,10,10,50,19,61,0,1.05,0
910,Sales,Female,46,Developer,7,High School,1,5500,30,20,2,9,50,6,98,2,3.06,0
911,Operations,Male,47,Developer,9,Bachelor,4,7000,45,19,2,4,50,1,7,0,1.74,0
912,IT,Male,47,Consultant,2,Bachelor,4,7700,54,33,13,10,0,5,71,1,3.29,0
913,Customer Support,Male,30,Developer,8,Bachelor,1,5500,55,48,1,11,50,16,67,0,2.07,0
914,Sales,Female,40,Engineer,3,Bachelor,2,7200,52,33,8,1,100,8,76,2,1.06,0
915,Engineering,Female,40,Technician,4,Master,1,3850,35,15,26,8,75,3,62,2,3.53,0
916,Legal,Male,24,Technician,8,Master,3,4550,47,32,29,12,0,14,97,2,1.33,0
917,Operations,Female,28,Developer,7,Bachelor,2,6000,38,40,17,13,50,8,94,0,1.14,0
918,Marketing,Female,28,Engineer,7,Bachelor,4,8400,41,7,1,2,75,3,89,2,4.3,0
919,Engineering,Male,45,Analyst,5,Master,3,5200,49,7,29,13,50,3,65,1,2.92,0
920,Finance,Male,37,Developer,8,Bachelor,1,5500,35,47,8,3,75,15,66,0,3.47,1
921,Finance,Female,24,Manager,6,Bachelor,3,7800,43,40,16,4,25,4,29,2,1.17,0
922,Finance,Male,54,Engineer,7,Bachelor,3,7800,33,2,11,5,25,17,62,1,2.81,0
923,IT,Male,40,Engineer,7,PhD,1,6600,39,17,14,8,50,16,21,1,3.07,0
924,Customer Support,Male,23,Technician,9,Bachelor,3,4550,30,8,27,12,75,16,40,2,4.49,0
925,Marketing,Other,29,Consultant,7,High School,5,8250,58,32,27,11,50,15,4,1,3.58,0
926,Engineering,Male,43,Developer,9,Master,4,7000,30,22,21,4,0,9,16,2,3.2,0
927,IT,Male,49,Specialist,6,Master,5,6750,44,19,26,10,100,4,71,0,2.16,0
928,Operations,Female,39,Technician,9,High School,5,5250,54,31,10,5,0,11,76,0,2.35,0
929,Operations,Female,36,Developer,0,Bachelor,1,5500,39,9,19,6,75,3,34,2,3.74,0
930,Engineering,Female,32,Specialist,6,High School,2,5400,34,43,23,7,0,4,70,2,3.24,0
931,Sales,Male,48,Technician,4,Bachelor,5,5250,44,9,18,14,25,1,69,1,3.79,0
932,Sales,Female,54,Engineer,7,Bachelor,5,9000,54,13,5,3,0,11,72,2,3.17,0
933,Engineering,Female,27,Engineer,0,Bachelor,5,9000,53,13,25,1,50,8,76,1,4,0
934,Engineering,Female,54,Consultant,2,Bachelor,2,6600,46,42,12,8,75,1,84,1,1.29,0
935,IT,Female,35,Manager,0,Master,4,8400,58,4,9,7,25,1,74,1,1.45,0
936,Finance,Female,57,Developer,9,Bachelor,3,6500,60,38,1,2,25,7,49,2,4.78,0
937,Engineering,Male,24,Consultant,7,Master,1,6050,45,44,29,8,0,18,42,1,3.52,0
938,Legal,Female,52,Technician,1,Bachelor,4,4900,56,19,13,2,100,14,68,1,3.3,0
939,Engineering,Male,59,Analyst,2,Bachelor,4,5600,44,40,18,5,75,14,66,0,4.83,0
940,IT,Male,56,Consultant,3,Bachelor,3,7150,34,29,18,2,50,19,38,0,1.29,0
941,Legal,Male,47,Analyst,1,Bachelor,3,5200,40,1,4,6,75,3,69,0,4.33,1
942,HR,Male,54,Manager,3,Bachelor,4,8400,58,13,11,4,0,14,69,1,2.79,0
943,Operations,Male,55,Specialist,8,Master,1,4950,41,3,23,10,100,10,32,2,3.04,0
944,IT,Female,43,Specialist,9,Bachelor,1,4950,45,7,2,5,50,4,42,1,4.78,0
945,HR,Male,57,Technician,5,High School,1,3850,60,37,7,7,100,18,14,0,3.49,0
946,HR,Male,22,Technician,5,PhD,1,3850,44,25,22,0,25,18,7,0,2.29,0
947,Legal,Female,55,Consultant,5,Bachelor,2,6600,45,12,19,10,75,18,75,0,2.98,0
948,Operations,Female,38,Consultant,4,Bachelor,3,7150,38,24,0,5,0,19,18,0,4.68,0
949,Operations,Female,58,Developer,6,High School,2,6000,42,19,28,6,100,9,91,1,1.51,0
950,IT,Male,23,Manager,7,Bachelor,3,7800,39,38,8,4,50,6,99,0,4.49,0
951,Finance,Male,38,Specialist,9,Bachelor,2,5400,44,5,1,3,50,3,98,1,1,0
952,Engineering,Female,30,Analyst,4,PhD,1,4400,34,33,14,14,75,4,56,2,2.05,0
953,Operations,Male,46,Manager,4,Bachelor,1,6600,47,8,18,4,0,2,25,1,4.54,0
954,Sales,Male,31,Technician,8,Master,5,5250,57,28,8,6,0,11,23,2,4.71,0
955,Marketing,Female,60,Developer,5,Bachelor,5,7500,48,41,8,1,75,3,44,1,3.11,0
956,Customer Support,Female,41,Engineer,7,Bachelor,1,6600,35,35,19,1,100,13,50,0,1.34,0
957,Operations,Male,57,Engineer,2,Bachelor,3,7800,51,8,14,9,0,6,59,2,3.4,0
958,Marketing,Male,60,Engineer,3,Bachelor,3,7800,35,17,1,1,50,1,76,2,4.42,0
959,Marketing,Female,25,Engineer,3,Bachelor,2,7200,40,7,6,13,0,10,99,1,3.39,0
960,IT,Female,53,Technician,2,Bachelor,4,4900,55,29,26,9,25,18,12,2,3.02,0
961,Engineering,Male,34,Specialist,7,Bachelor,4,6300,36,44,9,3,75,7,2,2,3.43,1
962,Marketing,Male,22,Engineer,7,High School,3,7800,48,22,6,0,0,17,32,0,1.94,0
963,Legal,Female,30,Technician,9,Master,4,4900,55,23,6,2,75,5,73,0,1.2,1
964,HR,Male,41,Consultant,6,High School,4,7700,54,31,14,8,25,14,57,0,1.96,0
965,Engineering,Female,42,Specialist,2,Bachelor,1,4950,47,22,8,10,0,2,42,0,2.09,0
966,Engineering,Male,59,Analyst,1,High School,5,6000,51,41,4,13,100,9,47,2,4.61,0
967,Operations,Female,26,Engineer,0,Bachelor,1,6600,50,34,23,9,100,19,57,1,4.14,0
968,Customer Support,Male,30,Engineer,8,Bachelor,2,7200,44,49,2,14,75,15,83,0,2.59,0
969,Finance,Female,57,Technician,4,Bachelor,5,5250,37,14,22,8,100,8,61,0,1.06,0
970,Finance,Female,60,Engineer,3,PhD,2,7200,48,14,8,9,75,10,93,0,3.5,0
971,HR,Female,40,Manager,5,Bachelor,4,8400,37,28,11,14,100,13,10,2,4.68,1
972,Finance,Female,34,Engineer,3,High School,4,8400,42,17,1,11,75,4,29,0,3.02,0
973,IT,Male,60,Engineer,1,Bachelor,3,7800,41,31,19,3,75,4,15,2,3.93,1
974,IT,Male,52,Specialist,5,High School,5,6750,40,7,20,1,0,18,59,0,1.67,0
975,Sales,Male,44,Manager,5,High School,4,8400,47,46,19,6,100,4,43,1,4,0
976,IT,Male,57,Engineer,9,Bachelor,3,7800,39,31,4,11,50,3,62,1,4.51,0
977,Engineering,Female,25,Manager,2,High School,4,8400,38,32,8,5,75,3,53,1,4.93,0
978,Customer Support,Female,41,Technician,5,Bachelor,2,4200,49,32,5,11,75,5,13,0,1.58,0
979,Customer Support,Female,43,Specialist,4,Bachelor,5,6750,54,36,19,13,0,13,97,0,1.61,0
980,Engineering,Female,44,Consultant,8,Bachelor,5,8250,57,7,9,4,0,11,95,2,3.62,0
981,Operations,Male,24,Technician,1,Master,5,5250,31,24,14,2,75,5,36,0,1.85,0
982,HR,Male,51,Engineer,6,High School,3,7800,60,14,1,3,50,17,95,2,3.61,0
983,Sales,Female,52,Manager,2,Bachelor,1,6600,51,9,4,8,75,10,28,1,2.4,0
984,Sales,Female,37,Consultant,7,Bachelor,3,7150,,,,,,,27,0,2.64,0
985,Marketing,Other,53,Technician,0,Bachelor,5,5250,44,35,7,7,50,11,73,2,1.62,0
986,IT,Female,56,Developer,4,Master,1,5500,30,41,7,13,50,3,18,2,4.18,0
987,Engineering,Male,35,Consultant,8,Bachelor,5,8250,40,21,14,10,100,12,79,2,1.34,0
988,Marketing,Male,29,Engineer,4,Bachelor,3,7800,41,38,21,6,75,5,68,2,2.95,0
989,Customer Support,Male,42,Technician,7,Master,2,4200,33,9,8,4,75,11,91,1,3.65,0
990,Operations,Male,42,Technician,0,Bachelor,1,3850,34,47,28,12,100,9,4,0,4.44,0
991,IT,Male,46,Manager,2,Bachelor,2,7200,38,48,12,0,50,9,57,2,2.58,0
992,Marketing,Female,38,Technician,1,High School,3,4550,43,33,20,0,100,17,8,1,2.46,0
993,Marketing,Female,44,Developer,9,PhD,4,7000,45,1,10,4,50,7,65,1,1.55,0
994,Operations,Male,41,Specialist,6,Bachelor,3,5850,53,29,3,3,50,7,29,2,3.75,0
995,HR,Female,50,Manager,9,Bachelor,5,9000,41,5,5,0,100,12,5,2,3.41,0
996,IT,Male,22,Engineer,3,High School,4,8400,37,27,20,3,25,2,2,0,2.94,0
997,IT,Female,54,Analyst,1,Master,3,5200,55,14,8,2,100,11,64,1,3.73,0
998,Engineering,Male,23,Developer,5,Bachelor,4,7000,33,35,2,6,75,3,27,1,4.26,1
999,Legal,Female,40,Consultant,1,High School,3,7150,49,4,20,3,50,12,15,1,4.1,0
1000,HR,Female,28,Analyst,6,High School,1,4400,45,4,25,6,75,1,14,0,4.96,0
1001,Customer Support,Female,37,Manager,2,Bachelor,3,7800,55,13,18,11,0,13,59,2,4.45,1
1002,IT,Female,52,Analyst,8,Bachelor,4,5600,31,36,28,8,75,11,87,1,2.98,0
1003,IT,Male,45,Specialist,4,Master,2,5400,36,48,20,4,100,5,14,0,3.68,0
1004,Marketing,Male,35,Engineer,6,High School,2,7200,40,18,12,13,25,10,34,1,4.32,0
1005,IT,Female,29,Manager,9,Bachelor,1,6600,33,17,8,14,100,19,17,2,3.79,0
1006,Engineering,Male,33,Analyst,1,Master,1,4400,59,40,25,4,50,15,27,2,4.08,0
1007,Sales,Male,25,Analyst,0,High School,3,5200,41,36,27,1,0,3,27,0,2.68,0
1008,Finance,Male,39,Manager,0,Bachelor,4,8400,32,4,22,1,25,9,26,0,2.37,0
1009,Operations,Female,52,Technician,8,Bachelor,4,4900,60,17,3,14,0,6,71,1,2.66,0
1010,Legal,Other,51,Analyst,9,Master,4,5600,44,20,10,10,75,5,49,1,4.35,0
1011,Marketing,Male,49,Technician,9,High School,2,4200,42,32,13,5,0,11,60,2,3.53,0
1012,HR,Female,53,Manager,1,Bachelor,2,7200,58,34,7,8,75,19,89,2,3.38,0
1013,IT,Female,60,Technician,3,High School,2,4200,48,29,22,7,25,10,87,1,4.49,1
1014,Engineering,Male,57,Technician,5,Bachelor,3,4550,35,45,11,8,0,17,83,0,1.52,0
1015,Operations,Male,22,Consultant,1,Bachelor,2,6600,46,23,8,6,100,2,47,1,2.31,0
1016,HR,Male,45,Technician,7,High School,5,5250,50,27,7,2,50,17,91,2,4.03,0
1017,Finance,Male,33,Engineer,9,Bachelor,2,7200,37,27,22,5,0,15,26,0,1.2,0
1018,Engineering,Female,50,Specialist,9,High School,3,5850,50,24,21,11,25,1,76,2,3.31,0
1019,HR,Female,43,Analyst,4,Bachelor,1,4400,30,3,22,1,100,6,27,0,2.25,0
1020,,,,,,,,,40,44,16,14,100,16,90,2,2.74,0
1021,Legal,Female,24,Technician,6,High School,4,4900,50,0,3,4,100,15,9,0,2.08,0
1022,Marketing,Female,42,Developer,4,High School,2,6000,47,46,22,8,100,11,34,2,3.06,0
1023,Engineering,Female,54,Developer,7,Master,3,6500,34,16,27,13,75,10,36,1,3.85,0
1024,Legal,Female,33,Engineer,3,Bachelor,2,7200,33,24,25,2,50,6,44,0,1.46,1
1025,HR,Female,36,,,,,,,,,13,0,4,88,2,1.33,0
1026,Customer Support,Female,26,Manager,3,High School,5,9000,42,45,14,5,50,18,31,0,2.3,0
1027,HR,Male,51,Specialist,8,Bachelor,1,4950,56,33,5,14,25,19,81,1,4.29,0
1028,Legal,Female,49,Manager,4,Master,2,7200,46,40,18,10,50,8,8,2,4.61,0
1029,Engineering,Male,22,Developer,4,High School,4,7000,30,42,13,0,75,8,53,0,4.81,0
1030,Sales,Female,56,Developer,8,Master,4,7000,34,27,25,0,50,13,20,2,3.96,0
1031,IT,Male,47,Technician,8,High School,1,3850,34,30,19,9,100,5,52,2,3.16,0
1032,Customer Support,Female,53,Developer,3,High School,5,7500,36,49,2,8,75,12,59,1,2.78,0
1033,HR,Male,43,Manager,6,Bachelor,4,8400,49,47,16,4,50,3,47,1,3.51,0
1034,Finance,Male,26,Manager,0,High School,2,7200,52,15,5,11,0,5,47,2,4.81,0
1035,Marketing,Male,48,Specialist,6,Bachelor,4,6300,57,36,28,8,100,10,90,0,1.77,0
1036,IT,Female,50,Consultant,3,Bachelor,4,7700,45,38,24,14,0,4,76,0,4.92,0
1037,Marketing,Male,50,Consultant,3,Master,5,8250,60,4,20,9,0,3,38,0,2.85,0
1038,Finance,Female,54,Analyst,2,Bachelor,2,4800,57,39,23,4,50,4,23,0,3.85,0
1039,Legal,Male,47,Manager,2,Master,2,7200,45,5,10,10,100,1,55,2,2.34,0
1040,Customer Support,Female,48,Developer,1,Bachelor,2,6000,55,13,21,1,0,4,92,0,3.54,0
1041,Legal,Female,36,Developer,2,Master,1,5500,48,37,1,3,50,7,79,1,1.23,0
1042,Sales,Female,58,Consultant,5,Bachelor,1,6050,52,13,29,1,50,16,6,0,1.27,0
1043,IT,Female,43,Specialist,7,High School,2,5400,51,12,2,7,0,17,75,2,3.18,0
1044,Legal,Male,38,Analyst,3,High School,5,6000,59,49,1,14,75,11,37,2,2.71,0
1045,Legal,Female,52,Engineer,5,High School,3,7800,44,6,7,10,50,5,72,1,3.23,0
1046,Engineering,Female,51,Developer,5,Bachelor,2,6000,51,11,24,1,50,16,37,2,4.02,0
1047,Customer Support,Other,43,Manager,3,High School,3,7800,54,18,18,2,25,12,25,1,4.02,0
1048,Sales,Female,36,Engineer,8,Bachelor,1,6600,47,26,19,12,25,4,77,1,2.42,1
1049,Operations,Male,36,Technician,2,Bachelor,4,4900,48,27,3,0,50,7,18,0,1.18,0
1050,IT,Female,41,Developer,4,Master,5,7500,33,28,26,10,0,5,80,1,1.56,0
1051,Finance,Male,37,Analyst,3,Bachelor,2,4800,43,0,14,13,50,9,62,2,4.1,0
1052,HR,Male,50,Consultant,4,Bachelor,3,7150,49,10,2,12,75,14,21,0,1.68,1
1053,Customer Support,Female,35,Analyst,3,High School,4,5600,52,6,2,10,100,13,99,2,3.77,0
1054,Finance,Female,31,Specialist,2,Bachelor,3,5850,45,20,16,3,25,2,22,0,2,0
1055,Legal,Female,45,Analyst,8,Bachelor,3,5200,45,29,3,11,75,11,96,1,1.14,0
1056,Marketing,Male,30,Engineer,6,Bachelor,4,8400,52,44,18,12,0,3,61,2,4.58,0
1057,Finance,Male,39,Engineer,6,High School,2,7200,51,28,25,4,0,18,15,2,3.21,0
1058,Engineering,Male,42,Technician,0,Bachelor,4,4900,32,10,1,14,75,17,91,0,3.55,0
1059,Customer Support,Male,36,Consultant,4,Bachelor,2,6600,46,20,22,6,50,3,18,1,4.04,0
1060,Marketing,Female,53,Developer,9,High School,2,6000,51,6,26,2,0,7,87,1,3.19,0
1061,IT,Female,35,Manager,6,Bachelor,4,8400,53,32,10,1,50,18,73,1,2.62,0
1062,Customer Support,Male,39,Technician,1,Bachelor,5,5250,57,41,18,4,25,1,71,0,2.87,0
1063,Marketing,Other,48,Consultant,8,Master,3,7150,32,42,26,11,25,15,30,1,3.59,0
1064,Operations,Male,40,Developer,5,High School,4,7000,40,40,9,9,75,13,87,1,1.51,0
1065,Engineering,Male,31,Specialist,5,Master,3,5850,37,22,25,1,25,9,57,2,1.92,0
1066,Customer Support,Female,59,Analyst,0,Master,5,6000,47,48,10,6,50,14,35,0,3.66,0
1067,Operations,Female,49,Specialist,1,Bachelor,3,5850,46,12,27,8,100,8,32,0,1.74,0
1068,Engineering,Male,43,Specialist,9,Master,4,6300,48,24,9,11,50,1,90,0,1.66,0
1069,Legal,Female,29,Engineer,6,High School,2,7200,31,41,25,5,25,7,62,1,2.79,0
1070,Sales,Male,55,Manager,3,Bachelor,4,8400,40,15,16,1,50,19,90,1,4.29,0
1071,Sales,Male,52,Developer,8,High School,2,6000,32,30,8,3,0,1,13,1,4.28,1
1072,Legal,Female,54,Technician,4,Bachelor,2,4200,56,30,18,7,0,16,22,0,4.71,0
1073,IT,Female,43,Analyst,1,Bachelor,1,4400,49,35,5,11,0,6,76,1,2,1
1074,Sales,Female,42,Engineer,8,Master,2,7200,54,29,15,12,100,3,10,0,4.64,0
1075,Legal,Male,51,Technician,4,High School,2,4200,45,35,8,4,75,10,99,1,2.6,0
1076,Customer Support,Female,24,Developer,5,Master,3,6500,34,31,26,4,100,6,62,0,4.34,0
1077,Legal,Female,26,Specialist,4,Master,3,5850,31,36,2,5,50,5,65,0,4.7,0
1078,Finance,Female,52,Consultant,4,High School,4,7700,47,34,12,5,0,1,40,0,4.03,0
1079,Engineering,Female,57,Analyst,6,Bachelor,3,5200,31,2,3,10,0,1,74,2,3.06,0
1080,Customer Support,Other,45,Engineer,1,Bachelor,2,7200,54,0,28,9,50,19,38,1,3.23,1
1081,Operations,Male,59,Analyst,0,Bachelor,4,5600,41,37,29,4,75,6,13,2,3.28,0
1082,Finance,Male,59,Technician,0,High School,5,5250,60,42,14,4,100,3,20,1,4.62,0
1083,Sales,Male,30,Consultant,4,High School,2,6600,44,46,2,2,0,12,70,0,4,0
1084,Engineering,Other,34,Specialist,4,High School,1,4950,45,32,24,2,100,18,16,2,3.13,0
1085,Finance,Male,56,Manager,2,Bachelor,2,7200,38,28,24,1,100,6,46,1,1.14,0
1086,Marketing,Female,37,Manager,7,PhD,4,8400,30,5,23,3,50,12,41,0,3.87,1
1087,Sales,Other,55,Technician,7,High School,2,4200,48,43,26,13,50,9,13,0,1.78,0
1088,Marketing,Male,50,Technician,3,Bachelor,4,4900,42,22,21,0,75,15,22,0,1.09,0
1089,HR,Female,51,Specialist,9,Bachelor,3,5850,55,32,17,1,0,13,10,1,3.56,0
1090,IT,Male,26,Developer,6,Master,2,6000,49,2,21,14,0,5,91,2,3.52,0
1091,Legal,Male,55,Specialist,6,Bachelor,5,6750,48,6,23,3,50,19,6,2,2.73,0
1092,Sales,Male,46,Specialist,8,Bachelor,1,4950,32,17,9,0,100,9,93,1,4.16,0
1093,Engineering,Female,50,Specialist,0,Master,4,6300,44,25,4,8,75,6,53,1,2.95,0
1094,Engineering,Male,42,Specialist,0,High School,5,6750,30,10,29,3,75,15,2,0,3.53,1
1095,Legal,Male,52,Technician,0,Bachelor,1,3850,57,18,10,5,25,2,21,2,2.01,0
1096,Sales,Female,34,Technician,7,Bachelor,5,5250,57,21,12,14,100,1,53,0,3.54,0
1097,Legal,Male,59,Consultant,9,Bachelor,5,8250,54,36,22,8,100,7,84,0,1.48,0
1098,Engineering,Female,55,Consultant,4,High School,1,6050,39,6,18,1,75,18,14,1,3.42,0
1099,Engineering,Female,23,Specialist,8,Bachelor,2,5400,36,37,29,5,100,9,91,1,2.54,0
1100,Operations,Male,48,Specialist,3,Bachelor,3,5850,42,36,29,10,0,12,60,2,3.88,0
1101,Engineering,Male,47,Manager,1,Bachelor,5,9000,34,6,3,5,0,8,26,1,4.29,0
1102,Legal,Female,47,Engineer,9,Bachelor,3,7800,59,14,25,6,50,3,98,2,3.19,0
1103,IT,Male,30,Specialist,5,Bachelor,4,6300,31,48,29,4,25,5,97,0,1.3,0
1104,HR,Female,54,Analyst,8,PhD,2,4800,31,2,7,10,25,15,10,0,4.88,0
1105,Marketing,Male,31,Engineer,6,High School,3,7800,35,37,11,0,25,1,52,2,1.14,0
1106,IT,Female,60,Engineer,8,Bachelor,3,7800,50,9,21,5,50,8,59,1,4.73,1
1107,Operations,Male,25,Developer,8,High School,2,6000,47,13,8,9,0,12,37,1,3,0
1108,HR,Male,48,Manager,1,Bachelor,3,7800,34,9,4,11,100,6,79,2,4.06,0
1109,HR,Female,53,Analyst,5,Master,4,5600,30,24,4,3,25,14,16,0,3.6,0
1110,Sales,Male,27,Technician,0,PhD,3,4550,37,40,20,8,50,1,64,2,4.61,0
1111,Sales,Male,28,Technician,6,Master,3,4550,38,42,23,14,25,11,20,2,1.29,0
1111,Sales,Male,28,Technician,6,Master,3,4550,38,42,23,14,25,11,20,2,1.29,0
1112,Customer Support,Female,31,Consultant,4,Bachelor,2,6600,32,26,4,11,0,16,32,1,1.92,0
1113,Customer Support,Female,45,Developer,7,Bachelor,3,6500,45,27,14,7,50,5,28,2,4.23,0
1114,Engineering,Female,55,Engineer,6,High School,4,8400,39,7,25,4,0,13,43,0,4.72,0
1115,Marketing,Male,26,Engineer,7,Bachelor,3,7800,59,47,5,12,100,19,96,0,2.83,0
1116,Marketing,Male,55,Technician,2,Bachelor,1,3850,57,48,4,3,75,10,47,2,2.32,0
1117,HR,Female,26,Consultant,7,Bachelor,2,6600,43,21,17,8,0,6,20,1,3.75,0
1118,Finance,Female,49,Developer,6,Bachelor,4,7000,48,40,19,9,75,1,97,0,3.51,0
1119,Marketing,Male,49,Consultant,9,High School,5,8250,47,21,17,14,100,9,24,2,1.18,0
1120,Legal,Female,34,Specialist,8,Bachelor,5,6750,44,19,14,14,50,19,6,1,3.62,0
1121,Legal,Female,54,Manager,2,Bachelor,2,7200,34,6,18,4,0,9,43,2,3.46,0
1122,Operations,Female,51,Developer,3,High School,4,7000,58,25,26,2,75,2,35,0,2.49,0
1123,Operations,Male,31,Specialist,8,Bachelor,2,5400,36,1,13,4,50,15,37,1,2.97,0
1124,Finance,Female,39,Consultant,9,High School,2,6600,38,39,8,4,50,11,87,2,1.24,0
1125,Legal,Female,29,Consultant,1,Bachelor,5,8250,44,6,29,7,100,5,21,0,3.48,0
1126,Operations,Female,49,Analyst,0,PhD,2,4800,45,26,6,11,100,19,77,0,3.31,0
1127,IT,Male,31,Manager,9,High School,1,6600,55,30,14,8,50,18,11,2,2.63,0
1128,Engineering,Male,47,Technician,3,High School,4,4900,50,4,19,7,100,14,96,0,4.61,0
1129,Legal,Female,22,Consultant,3,Bachelor,3,7150,38,0,8,9,100,16,85,2,4.28,0
1130,Marketing,Female,32,Analyst,1,High School,1,4400,39,29,28,6,75,4,1,0,4.68,0
1131,Customer Support,Female,59,Technician,2,High School,3,4550,35,17,5,3,75,18,16,1,4.34,0
1132,Legal,Female,58,Engineer,0,Bachelor,2,7200,37,16,11,7,75,12,76,2,4.68,0
1133,Finance,Female,55,Developer,4,High School,5,7500,53,45,16,14,0,4,55,1,4.5,0
1134,Sales,Female,42,Developer,5,High School,3,6500,60,17,12,0,50,13,2,0,3.83,0
1135,Finance,Other,43,Engineer,0,Bachelor,5,9000,40,13,5,7,0,7,24,1,1.3,0
1136,IT,Male,22,Specialist,3,High School,4,6300,45,19,6,8,0,5,85,2,1.16,0
1137,Finance,Female,35,Technician,8,High School,2,4200,43,32,22,6,50,19,90,1,1.3,0
1138,Sales,Male,49,Specialist,0,Bachelor,5,6750,48,31,3,6,50,18,34,0,3.87,0
1139,Engineering,Female,59,Technician,3,High School,1,3850,35,2,3,6,50,11,11,2,1.23,0
1140,Sales,Male,47,Developer,9,Bachelor,2,6000,35,42,25,10,100,15,94,0,2.92,0